run_id,method,seed,region,n_points,rmse,ll,picp95,mpiw95,sigma_fitted,n_parameters,fit_seconds,n_train,grid_points,noise_sigma,z,torch_threads,quick,cache
20260904T210105Z,map,0,in_range,300,0.10226203626404683,0.8598569223470169,0.9533333333333334,0.41646065199523624,0.10624191446379234,152,6.634,250,500,0.1,1.959963984540054,1,False,False
20260904T210105Z,map,0,extrapolation,200,0.4147781718232354,-6.297867790943509,0.56,0.4164606519952362,0.10624191446379234,152,6.634,250,500,0.1,1.959963984540054,1,False,False
20260904T210105Z,map,0,overall,500,0.27402716501276236,-2.003232962969194,0.796,0.4164606519952363,0.10624191446379234,152,6.634,250,500,0.1,1.959963984540054,1,False,False
20260904T210105Z,mcd,0,in_range,300,0.1587683063778997,0.2669972046340536,0.9966666666666667,0.9982699353075266,0.2130663179820824,152,7.481,250,500,0.1,1.959963984540054,1,False,False
20260904T210105Z,mcd,0,extrapolation,200,0.8280842158470673,-4.027330777438581,0.135,1.095046241687295,0.21306631798208242,152,7.481,250,500,0.1,1.959963984540054,1,False,False
20260904T210105Z,mcd,0,overall,500,0.5379719439525493,-1.450733988195,0.652,1.036980457859434,0.21306631798208242,152,7.481,250,500,0.1,1.959963984540054,1,False,False
20260904T210105Z,ensemble,0,in_range,300,0.0941649384522037,0.9295664796606422,0.97,0.41602441234763776,0.10502258755990793,760,32.976,250,500,0.1,1.959963984540054,1,False,False
20260904T210105Z,ensemble,0,extrapolation,200,0.36600431323886,-4.020516606969903,0.625,0.42791632992158596,0.10502258755990793,760,32.976,250,500,0.1,1.959963984540054,1,False,False
20260904T210105Z,ensemble,0,overall,500,0.24270122435621172,-1.050466754991576,0.832,0.42078117937721704,0.10502258755990793,760,32.976,250,500,0.1,1.959963984540054,1,False,False
20260904T210105Z,bbb,0,in_range,300,0.09448162807879415,0.9264550369415472,0.9733333333333334,0.4186637052271943,0.10556692610011803,303,15.455,250,500,0.1,1.959963984540054,1,False,False
20260904T210105Z,bbb,0,extrapolation,200,0.18121955328152872,-0.08899652986489076,0.755,0.4254969337803765,0.10556692610011803,303,15.455,250,500,0.1,1.959963984540054,1,False,False
20260904T210105Z,bbb,0,overall,500,0.13598631336746533,0.5202744102189721,0.886,0.4213969966484672,0.10556692610011803,303,15.455,250,500,0.1,1.959963984540054,1,False,False
20260904T210105Z,laplace,0,in_range,300,0.10226203626404683,0.8588350123213697,0.9533333333333334,0.42153670496238543,0.10624191446379234,152,6.719,250,500,0.1,1.959963984540054,1,False,False
20260904T210105Z,laplace,0,extrapolation,200,0.4147781718232354,-0.257884352803335,0.795,0.782684971506582,0.10624191446379234,152,6.719,250,500,0.1,1.959963984540054,1,False,False
20260904T210105Z,laplace,0,overall,500,0.27402716501276236,0.4121472662714878,0.89,0.5659960115800641,0.10624191446379234,152,6.719,250,500,0.1,1.959963984540054,1,False,False
20260904T210105Z,gp,0,in_range,300,0.09308101209412574,0.9444410856402923,0.9666666666666667,0.40725709161423734,0.10265921587176184,3,0.915,250,500,0.1,1.959963984540054,1,False,False
20260904T210105Z,gp,0,extrapolation,200,0.12921079311381284,0.37189596223453053,1.0,1.090295405137412,0.10265921587176186,3,0.915,250,500,0.1,1.959963984540054,1,False,False
20260904T210105Z,gp,0,overall,500,0.10897989039414696,0.7154230362779874,0.98,0.6804724170235072,0.10265921587176186,3,0.915,250,500,0.1,1.959963984540054,1,False,False
20260904T210105Z,map,1,in_range,300,0.10589216656606623,0.806360452214671,0.91,0.3626087305984967,0.09250392697485978,152,7.427,250,500,0.1,1.959963984540054,1,False,False
20260904T210105Z,map,1,extrapolation,200,0.3908426192462925,-7.464364726462609,0.52,0.36260873059849674,0.09250392697485979,152,7.427,250,500,0.1,1.959963984540054,1,False,False
20260904T210105Z,map,1,overall,500,0.2604439897017289,-2.5019296192562406,0.754,0.3626087305984968,0.09250392697485979,152,7.427,250,500,0.1,1.959963984540054,1,False,False
20260904T210105Z,mcd,1,in_range,300,0.15026158970288403,0.3220653500731947,1.0,0.9431284943613844,0.19795839555845135,152,7.687,250,500,0.1,1.959963984540054,1,False,False
20260904T210105Z,mcd,1,extrapolation,200,0.7465230092593113,-3.3977047559204356,0.165,1.0611577919962114,0.19795839555845135,152,7.687,250,500,0.1,1.959963984540054,1,False,False
20260904T210105Z,mcd,1,overall,500,0.4862774604538584,-1.1658426923242573,0.666,0.9903402134153152,0.19795839555845132,152,7.687,250,500,0.1,1.959963984540054,1,False,False
20260904T210105Z,ensemble,1,in_range,300,0.10658003848501743,0.7999181362272995,0.9166666666666666,0.3653164835935574,0.09229231384622501,760,36.798,250,500,0.1,1.959963984540054,1,False,False
20260904T210105Z,ensemble,1,extrapolation,200,0.3752185621061135,-4.75804315119636,0.535,0.38940366318115666,0.09229231384622501,760,36.798,250,500,0.1,1.959963984540054,1,False,False
20260904T210105Z,ensemble,1,overall,500,0.2512591699852414,-1.4232663787421642,0.764,0.37495135542859714,0.09229231384622502,760,36.798,250,500,0.1,1.959963984540054,1,False,False
20260904T210105Z,bbb,1,in_range,300,0.10929608405824039,0.7796861348640098,0.9166666666666666,0.38046606221185053,0.09567303091552647,303,13.74,250,500,0.1,1.959963984540054,1,False,False
20260904T210105Z,bbb,1,extrapolation,200,0.21388830831738848,-0.9494312883954314,0.575,0.3870703351976678,0.09567303091552647,303,13.74,250,500,0.1,1.959963984540054,1,False,False
20260904T210105Z,bbb,1,overall,500,0.15958278029984707,0.08803916556023324,0.78,0.38310777140617747,0.09567303091552647,303,13.74,250,500,0.1,1.959963984540054,1,False,False
20260904T210105Z,laplace,1,in_range,300,0.10589216656606623,0.810800017866286,0.92,0.3674712261756869,0.09250392697485978,152,6.487,250,500,0.1,1.959963984540054,1,False,False
20260904T210105Z,laplace,1,extrapolation,200,0.3908426192462925,-0.23813432891198538,0.815,0.7742767178257002,0.09250392697485979,152,6.487,250,500,0.1,1.959963984540054,1,False,False
20260904T210105Z,laplace,1,overall,500,0.2604439897017289,0.3912262791549775,0.878,0.5301934228356923,0.09250392697485979,152,6.487,250,500,0.1,1.959963984540054,1,False,False
20260904T210105Z,gp,1,in_range,300,0.10613038724916544,0.7995805268302604,0.91,0.35846654824539304,0.09030562321091877,3,1.052,250,500,0.1,1.959963984540054,1,False,False
20260904T210105Z,gp,1,extrapolation,200,0.221699618480426,0.15566124248071586,0.975,1.0709607766446245,0.09030562321091877,3,1.052,250,500,0.1,1.959963984540054,1,False,False
20260904T210105Z,gp,1,overall,500,0.16253763807912697,0.5420128130904426,0.936,0.6434642396050856,0.09030562321091877,3,1.052,250,500,0.1,1.959963984540054,1,False,False
20260904T210105Z,map,2,in_range,300,0.10428415841587872,0.8416459789987398,0.9433333333333334,0.40587585009044064,0.10354166027843814,152,6.151,250,500,0.1,1.959963984540054,1,False,False
20260904T210105Z,map,2,extrapolation,200,0.3869529700562981,-5.634383728785865,0.575,0.40587585009044064,0.10354166027843814,152,6.151,250,500,0.1,1.959963984540054,1,False,False
20260904T210105Z,map,2,overall,500,0.2577171935126971,-1.7487659041151025,0.796,0.40587585009044064,0.10354166027843816,152,6.151,250,500,0.1,1.959963984540054,1,False,False
20260904T210105Z,mcd,2,in_range,300,0.17092948621280613,0.2060017299276881,0.9966666666666667,1.053589083790352,0.22775436903921648,152,6.966,250,500,0.1,1.959963984540054,1,False,False
20260904T210105Z,mcd,2,extrapolation,200,0.9108834040076514,-4.532071137382086,0.11,1.1491572658179539,0.22775436903921645,152,6.966,250,500,0.1,1.959963984540054,1,False,False
20260904T210105Z,mcd,2,overall,500,0.5911121415034637,-1.6892274169962218,0.642,1.0918163566013928,0.22775436903921645,152,6.966,250,500,0.1,1.959963984540054,1,False,False
20260904T210105Z,ensemble,2,in_range,300,0.10268991210514494,0.8564319555979841,0.9566666666666667,0.41428725327591576,0.10360056689278022,760,33.736,250,500,0.1,1.959963984540054,1,False,False
20260904T210105Z,ensemble,2,extrapolation,200,0.4204540534740588,-3.6260677079942933,0.575,0.4817208845407944,0.10360056689278022,760,33.736,250,500,0.1,1.959963984540054,1,False,False
20260904T210105Z,ensemble,2,overall,500,0.2775603993043751,-0.936567909838927,0.804,0.4412607057818672,0.10360056689278022,760,33.736,250,500,0.1,1.959963984540054,1,False,False
20260904T210105Z,bbb,2,in_range,300,0.11169578477919095,0.7711687329512285,0.9233333333333333,0.41819719447279513,0.1053126649315481,303,15.225,250,500,0.1,1.959963984540054,1,False,False
20260904T210105Z,bbb,2,extrapolation,200,0.20945962813212465,-0.5550654985995375,0.63,0.4259412682416484,0.1053126649315481,303,15.225,250,500,0.1,1.959963984540054,1,False,False
20260904T210105Z,bbb,2,overall,500,0.15822421852979013,0.24067504033092205,0.806,0.4212948239803364,0.1053126649315481,303,15.225,250,500,0.1,1.959963984540054,1,False,False
20260904T210105Z,laplace,2,in_range,300,0.10428415841587872,0.8416724698385101,0.95,0.41228643056074255,0.10354166027843814,152,7.782,250,500,0.1,1.959963984540054,1,False,False
20260904T210105Z,laplace,2,extrapolation,200,0.3869529700562981,-0.16289878601716978,0.845,0.8509444206907867,0.10354166027843814,152,7.782,250,500,0.1,1.959963984540054,1,False,False
20260904T210105Z,laplace,2,overall,500,0.2577171935126971,0.4398439674962381,0.908,0.5877496266127603,0.10354166027843816,152,7.782,250,500,0.1,1.959963984540054,1,False,False
20260904T210105Z,gp,2,in_range,300,0.10342580884500041,0.8500269927635293,0.9533333333333334,0.40566697124680223,0.10211644655822652,3,0.762,250,500,0.1,1.959963984540054,1,False,False
20260904T210105Z,gp,2,extrapolation,200,0.12262038237871321,0.2668473673643365,1.0,1.2221978154817512,0.10211644655822652,3,0.762,250,500,0.1,1.959963984540054,1,False,False
20260904T210105Z,gp,2,overall,500,0.1115008611223531,0.6167551426038521,0.972,0.7322793089407817,0.10211644655822652,3,0.762,250,500,0.1,1.959963984540054,1,False,False
20260904T210105Z,map,3,in_range,300,0.10328645235724107,0.8504873014751678,0.9366666666666666,0.3935308242375638,0.10039236112032793,152,4.579,250,500,0.1,1.959963984540054,1,False,False
20260904T210105Z,map,3,extrapolation,200,0.30007717638696474,-3.0874611449983353,0.545,0.39353082423756375,0.10039236112032793,152,4.579,250,500,0.1,1.959963984540054,1,False,False
20260904T210105Z,map,3,overall,500,0.20595965493192153,-0.7246920771142333,0.78,0.39353082423756375,0.10039236112032793,152,4.579,250,500,0.1,1.959963984540054,1,False,False
20260904T210105Z,mcd,3,in_range,300,0.1516851177769738,0.386601940966879,1.0,0.8387556226942355,0.17540342091546957,152,3.698,250,500,0.1,1.959963984540054,1,False,False
20260904T210105Z,mcd,3,extrapolation,200,0.8189635686831465,-5.324506987944278,0.11,0.9355530591362066,0.17540342091546954,152,3.698,250,500,0.1,1.959963984540054,1,False,False
20260904T210105Z,mcd,3,overall,500,0.5311172711417907,-1.897841630597584,0.644,0.877474597271024,0.17540342091546954,152,3.698,250,500,0.1,1.959963984540054,1,False,False
20260904T210105Z,ensemble,3,in_range,300,0.10411531755216033,0.8419677218427173,0.95,0.3970564776166497,0.10010338552912584,760,16.922,250,500,0.1,1.959963984540054,1,False,False
20260904T210105Z,ensemble,3,extrapolation,200,0.31404496024503437,-3.301472372637752,0.61,0.40634018822438234,0.10010338552912584,760,16.922,250,500,0.1,1.959963984540054,1,False,False
20260904T210105Z,ensemble,3,overall,500,0.2143681283015607,-0.8154083159494703,0.814,0.4007699618597428,0.10010338552912583,760,16.922,250,500,0.1,1.959963984540054,1,False,False
20260904T210105Z,bbb,3,in_range,300,0.1212835592478234,0.6608700426495864,0.9,0.4039888586635601,0.10188477983226009,303,6.897,250,500,0.1,1.959963984540054,1,False,False
20260904T210105Z,bbb,3,extrapolation,200,0.3171534849409973,-3.2542258053457793,0.32,0.4100276698295865,0.10188477983226009,303,6.897,250,500,0.1,1.959963984540054,1,False,False
20260904T210105Z,bbb,3,overall,500,0.22149572061414627,-0.90516829654856,0.668,0.40640438312997057,0.10188477983226009,303,6.897,250,500,0.1,1.959963984540054,1,False,False
20260904T210105Z,laplace,3,in_range,300,0.10328645235724107,0.8518644752657984,0.9366666666666666,0.3989845629079989,0.10039236112032793,152,3.391,250,500,0.1,1.959963984540054,1,False,False
20260904T210105Z,laplace,3,extrapolation,200,0.30007717638696474,-0.1327011711070564,0.9,0.9357888281510582,0.10039236112032793,152,3.391,250,500,0.1,1.959963984540054,1,False,False
20260904T210105Z,laplace,3,overall,500,0.20595965493192153,0.4580382167166565,0.922,0.6137062690052226,0.10039236112032793,152,3.391,250,500,0.1,1.959963984540054,1,False,False
20260904T210105Z,gp,3,in_range,300,0.10255922622301414,0.8572535102028962,0.9533333333333334,0.3930253993469148,0.09887691968161419,3,0.698,250,500,0.1,1.959963984540054,1,False,False
20260904T210105Z,gp,3,extrapolation,200,0.24252779282795464,0.04091594910837326,0.96,1.0989341800346721,0.09887691968161419,3,0.698,250,500,0.1,1.959963984540054,1,False,False
20260904T210105Z,gp,3,overall,500,0.17273948317532314,0.5307184857650871,0.956,0.6753889116220176,0.0988769196816142,3,0.698,250,500,0.1,1.959963984540054,1,False,False
20260904T210105Z,map,4,in_range,300,0.10045549759462954,0.8789763139984654,0.9533333333333334,0.39823322144177903,0.10159197428702568,152,3.36,250,500,0.1,1.959963984540054,1,False,False
20260904T210105Z,map,4,extrapolation,200,0.27092124447693666,-2.187947808949765,0.66,0.3982332214417791,0.10159197428702568,152,3.36,250,500,0.1,1.959963984540054,1,False,False
20260904T210105Z,map,4,overall,500,0.18818637698240437,-0.34779333518082695,0.836,0.39823322144177903,0.10159197428702568,152,3.36,250,500,0.1,1.959963984540054,1,False,False
20260904T210105Z,mcd,4,in_range,300,0.16059679075775538,0.2689131303686912,0.9966666666666667,0.9862686398761094,0.21093557950138117,152,3.684,250,500,0.1,1.959963984540054,1,False,False
20260904T210105Z,mcd,4,extrapolation,200,0.928933350033006,-5.364286292931803,0.095,1.0726061543818175,0.21093557950138114,152,3.684,250,500,0.1,1.959963984540054,1,False,False
20260904T210105Z,mcd,4,overall,500,0.6005344828087988,-1.9843666389515064,0.636,1.0208036456783927,0.21093557950138114,152,3.684,250,500,0.1,1.959963984540054,1,False,False
20260904T210105Z,ensemble,4,in_range,300,0.10048695849790311,0.8780783014528716,0.9566666666666667,0.40364740903326074,0.10182424610880682,760,22.122,250,500,0.1,1.959963984540054,1,False,False
20260904T210105Z,ensemble,4,extrapolation,200,0.2770603037558533,-1.125576651435657,0.695,0.44891589186612835,0.10182424610880682,760,22.122,250,500,0.1,1.959963984540054,1,False,False
20260904T210105Z,ensemble,4,overall,500,0.19173821232036628,0.07661632029746034,0.852,0.42175480216640776,0.10182424610880682,760,22.122,250,500,0.1,1.959963984540054,1,False,False
20260904T210105Z,bbb,4,in_range,300,0.1022208097708044,0.8576352039034544,0.9666666666666667,0.4277908344326518,0.10738421413555893,303,14.061,250,500,0.1,1.959963984540054,1,False,False
20260904T210105Z,bbb,4,extrapolation,200,0.3052418992749536,-2.481240306410229,0.435,0.43729994599966887,0.10738421413555893,303,14.061,250,500,0.1,1.959963984540054,1,False,False
20260904T210105Z,bbb,4,overall,500,0.20865882008511347,-0.47791500022201894,0.754,0.4315944790594586,0.10738421413555893,303,14.061,250,500,0.1,1.959963984540054,1,False,False
20260904T210105Z,laplace,4,in_range,300,0.10045549759462954,0.8784756350563847,0.9566666666666667,0.40486456432744233,0.10159197428702568,152,6.38,250,500,0.1,1.959963984540054,1,False,False
20260904T210105Z,laplace,4,extrapolation,200,0.27092124447693666,0.14516253182491634,0.97,0.9305844580773747,0.10159197428702568,152,6.38,250,500,0.1,1.959963984540054,1,False,False
20260904T210105Z,laplace,4,overall,500,0.18818637698240437,0.5851503937637974,0.962,0.6151525218274153,0.10159197428702568,152,6.38,250,500,0.1,1.959963984540054,1,False,False
20260904T210105Z,gp,4,in_range,300,0.10038812475500075,0.8793004208740539,0.9533333333333334,0.40314563331444436,0.10136349829241523,3,1.043,250,500,0.1,1.959963984540054,1,False,False
20260904T210105Z,gp,4,extrapolation,200,0.30350441892503965,-0.11332535148410047,0.965,1.166109020921387,0.10136349829241523,3,1.043,250,500,0.1,1.959963984540054,1,False,False
20260904T210105Z,gp,4,overall,500,0.20710537964501488,0.48225011193079215,0.958,0.7083309883572214,0.10136349829241523,3,1.043,250,500,0.1,1.959963984540054,1,False,False
