run_id,method,seed,region,n_points,rmse,ll,picp95,mpiw95,sigma_fitted,cal_err,cal_bias,n_parameters,fit_seconds,variant,n_train,grid_points,noise_sigma,epochs,z,cal_levels,torch_threads,quick,cache
20260905T005453Z,map,0,in_range,300,0.09550561886857725,0.923183343903242,0.96,0.4065748356099469,0.10371997618756196,0.024545454545454558,0.023333333333333338,152,11.874,,250,500,0.1,4000,1.959963984540054,0.1|0.2|0.3|0.4|0.5|0.6|0.7|0.8|0.9|0.95|0.99,1,False,False
20260905T005453Z,map,0,extrapolation,200,0.41436937092521064,-6.633201169982853,0.575,0.40657483560994684,0.10371997618756196,0.2645454545454546,-0.2645454545454546,152,11.874,,250,500,0.1,4000,1.959963984540054,0.1|0.2|0.3|0.4|0.5|0.6|0.7|0.8|0.9|0.95|0.99,1,False,False
20260905T005453Z,map,0,overall,500,0.2723115571650676,-2.099370461651196,0.806,0.40657483560994684,0.10371997618756196,0.0918181818181818,-0.0918181818181818,152,11.874,,250,500,0.1,4000,1.959963984540054,0.1|0.2|0.3|0.4|0.5|0.6|0.7|0.8|0.9|0.95|0.99,1,False,False
20260905T005453Z,mcd,0,in_range,300,0.16317980422669706,0.25810767469819246,1.0,0.9943671867345406,0.21253883155431924,0.12242424242424242,0.12242424242424242,152,8.676,,250,500,0.1,4000,1.959963984540054,0.1|0.2|0.3|0.4|0.5|0.6|0.7|0.8|0.9|0.95|0.99,1,False,False
20260905T005453Z,mcd,0,extrapolation,200,0.7584118282101912,-3.326146317598659,0.17,1.0936570668524943,0.21253883155431924,0.5095454545454545,-0.5095454545454545,152,8.676,,250,500,0.1,4000,1.959963984540054,0.1|0.2|0.3|0.4|0.5|0.6|0.7|0.8|0.9|0.95|0.99,1,False,False
20260905T005453Z,mcd,0,overall,500,0.49603627848387033,-1.1755939222205485,0.668,1.034083138781722,0.21253883155431924,0.13036363636363635,-0.13036363636363635,152,8.676,,250,500,0.1,4000,1.959963984540054,0.1|0.2|0.3|0.4|0.5|0.6|0.7|0.8|0.9|0.95|0.99,1,False,False
20260905T005453Z,ensemble,0,in_range,300,0.09345006341618663,0.9330044747802595,0.9666666666666667,0.4184024693267666,0.1044451480636298,0.04424242424242425,0.04424242424242425,760,76.631,,250,500,0.1,4000,1.959963984540054,0.1|0.2|0.3|0.4|0.5|0.6|0.7|0.8|0.9|0.95|0.99,1,False,False
20260905T005453Z,ensemble,0,extrapolation,200,0.3598029202828988,-3.4304974432548936,0.625,0.43376618719549503,0.1044451480636298,0.22181818181818186,-0.22181818181818186,760,76.631,,250,500,0.1,4000,1.959963984540054,0.1|0.2|0.3|0.4|0.5|0.6|0.7|0.8|0.9|0.95|0.99,1,False,False
20260905T005453Z,ensemble,0,overall,500,0.2387949019328813,-0.812396292433802,0.83,0.4245479564742581,0.1044451480636298,0.062181818181818185,-0.062181818181818185,760,76.631,,250,500,0.1,4000,1.959963984540054,0.1|0.2|0.3|0.4|0.5|0.6|0.7|0.8|0.9|0.95|0.99,1,False,False
20260905T005453Z,bbb,0,in_range,300,0.09738510304528183,0.9040695031062448,0.96,0.4133152673497207,0.10469531397815944,0.02333333333333335,0.017878787878787886,303,29.005,,250,500,0.1,4000,1.959963984540054,0.1|0.2|0.3|0.4|0.5|0.6|0.7|0.8|0.9|0.95|0.99,1,False,False
20260905T005453Z,bbb,0,extrapolation,200,0.1537914082279317,0.2827843777964764,0.84,0.41766528163170863,0.10469531397815945,0.09954545454545452,-0.09954545454545452,303,29.005,,250,500,0.1,4000,1.959963984540054,0.1|0.2|0.3|0.4|0.5|0.6|0.7|0.8|0.9|0.95|0.99,1,False,False
20260905T005453Z,bbb,0,overall,500,0.12308953600926534,0.6555554529823375,0.912,0.41505527306251583,0.10469531397815945,0.02909090909090908,-0.02909090909090908,303,29.005,,250,500,0.1,4000,1.959963984540054,0.1|0.2|0.3|0.4|0.5|0.6|0.7|0.8|0.9|0.95|0.99,1,False,False
20260905T005453Z,laplace,0,in_range,300,0.09550561886857725,0.9213427549794907,0.96,0.412091226285518,0.10371997618756196,0.0284848484848485,0.027272727272727282,152,12.67,,250,500,0.1,4000,1.959963984540054,0.1|0.2|0.3|0.4|0.5|0.6|0.7|0.8|0.9|0.95|0.99,1,False,False
20260905T005453Z,laplace,0,extrapolation,200,0.41436937092521064,-0.21983353843014528,0.835,0.8127983281826383,0.10371997618756196,0.12409090909090911,-0.12409090909090911,152,12.67,,250,500,0.1,4000,1.959963984540054,0.1|0.2|0.3|0.4|0.5|0.6|0.7|0.8|0.9|0.95|0.99,1,False,False
20260905T005453Z,laplace,0,overall,500,0.2723115571650676,0.46487223761563634,0.91,0.572374067044366,0.10371997618756196,0.03327272727272727,-0.03327272727272727,152,12.67,,250,500,0.1,4000,1.959963984540054,0.1|0.2|0.3|0.4|0.5|0.6|0.7|0.8|0.9|0.95|0.99,1,False,False
20260905T005453Z,gp,0,in_range,300,0.09308101209412574,0.9444410856402923,0.9666666666666667,0.40725709161423734,0.10265921587176184,0.038181818181818185,0.038181818181818185,3,0.895,,250,500,0.1,4000,1.959963984540054,0.1|0.2|0.3|0.4|0.5|0.6|0.7|0.8|0.9|0.95|0.99,1,False,False
20260905T005453Z,gp,0,extrapolation,200,0.12921079311381284,0.37189596223453053,1.0,1.090295405137412,0.10265921587176186,0.18954545454545454,0.18954545454545454,3,0.895,,250,500,0.1,4000,1.959963984540054,0.1|0.2|0.3|0.4|0.5|0.6|0.7|0.8|0.9|0.95|0.99,1,False,False
20260905T005453Z,gp,0,overall,500,0.10897989039414696,0.7154230362779874,0.98,0.6804724170235072,0.10265921587176186,0.09872727272727272,0.09872727272727272,3,0.895,,250,500,0.1,4000,1.959963984540054,0.1|0.2|0.3|0.4|0.5|0.6|0.7|0.8|0.9|0.95|0.99,1,False,False
20260905T005453Z,map,1,in_range,300,0.1074114994103116,0.7828634469446435,0.9066666666666666,0.35810950817035464,0.09135614506059214,0.049999999999999996,-0.049999999999999996,152,12.741,,250,500,0.1,4000,1.959963984540054,0.1|0.2|0.3|0.4|0.5|0.6|0.7|0.8|0.9|0.95|0.99,1,False,False
20260905T005453Z,map,1,extrapolation,200,0.40425679813345605,-8.3165449638336,0.47,0.35810950817035464,0.09135614506059216,0.3245454545454546,-0.3245454545454546,152,12.741,,250,500,0.1,4000,1.959963984540054,0.1|0.2|0.3|0.4|0.5|0.6|0.7|0.8|0.9|0.95|0.99,1,False,False
20260905T005453Z,map,1,overall,500,0.2688712733971191,-2.8568999173666545,0.732,0.35810950817035464,0.09135614506059214,0.1598181818181818,-0.1598181818181818,152,12.741,,250,500,0.1,4000,1.959963984540054,0.1|0.2|0.3|0.4|0.5|0.6|0.7|0.8|0.9|0.95|0.99,1,False,False
20260905T005453Z,mcd,1,in_range,300,0.1536027892724586,0.30727512050459327,1.0,0.953597468305915,0.20417596819672318,0.13454545454545455,0.13454545454545455,152,15.381,,250,500,0.1,4000,1.959963984540054,0.1|0.2|0.3|0.4|0.5|0.6|0.7|0.8|0.9|0.95|0.99,1,False,False
20260905T005453Z,mcd,1,extrapolation,200,0.7751296821809558,-3.6887300683393454,0.145,1.061635955907639,0.20417596819672312,0.5186363636363636,-0.5186363636363636,152,15.381,,250,500,0.1,4000,1.959963984540054,0.1|0.2|0.3|0.4|0.5|0.6|0.7|0.8|0.9|0.95|0.99,1,False,False
20260905T005453Z,mcd,1,overall,500,0.5044667479651631,-1.2911269550329822,0.658,0.9968128633466045,0.20417596819672315,0.12672727272727274,-0.12672727272727274,152,15.381,,250,500,0.1,4000,1.959963984540054,0.1|0.2|0.3|0.4|0.5|0.6|0.7|0.8|0.9|0.95|0.99,1,False,False
20260905T005453Z,ensemble,1,in_range,300,0.10566724087116863,0.8063174230707794,0.92,0.35936769943127916,0.09139266684326028,0.03969696969696968,-0.03969696969696968,760,73.558,,250,500,0.1,4000,1.959963984540054,0.1|0.2|0.3|0.4|0.5|0.6|0.7|0.8|0.9|0.95|0.99,1,False,False
20260905T005453Z,ensemble,1,extrapolation,200,0.3442187101628165,-3.6897145270974,0.555,0.3890707127294688,0.09139266684326028,0.25772727272727275,-0.25772727272727275,760,73.558,,250,500,0.1,4000,1.959963984540054,0.1|0.2|0.3|0.4|0.5|0.6|0.7|0.8|0.9|0.95|0.99,1,False,False
20260905T005453Z,ensemble,1,overall,500,0.23258105607821242,-0.9920953569964921,0.774,0.37124890475055505,0.09139266684326028,0.1269090909090909,-0.1269090909090909,760,73.558,,250,500,0.1,4000,1.959963984540054,0.1|0.2|0.3|0.4|0.5|0.6|0.7|0.8|0.9|0.95|0.99,1,False,False
20260905T005453Z,bbb,1,in_range,300,0.10624300644456103,0.8135308943768073,0.93,0.3785547427424756,0.09567741204304926,0.024242424242424242,-0.021212121212121213,303,29.842,,250,500,0.1,4000,1.959963984540054,0.1|0.2|0.3|0.4|0.5|0.6|0.7|0.8|0.9|0.95|0.99,1,False,False
20260905T005453Z,bbb,1,extrapolation,200,0.16593569578478978,-0.032782870986875864,0.765,0.3829408619396622,0.09567741204304926,0.1827272727272727,-0.1827272727272727,303,29.842,,250,500,0.1,4000,1.959963984540054,0.1|0.2|0.3|0.4|0.5|0.6|0.7|0.8|0.9|0.95|0.99,1,False,False
20260905T005453Z,bbb,1,overall,500,0.13336569238473717,0.4750053882313339,0.864,0.3803091904213503,0.09567741204304928,0.08581818181818181,-0.08581818181818181,303,29.842,,250,500,0.1,4000,1.959963984540054,0.1|0.2|0.3|0.4|0.5|0.6|0.7|0.8|0.9|0.95|0.99,1,False,False
20260905T005453Z,laplace,1,in_range,300,0.1074114994103116,0.7879717088746594,0.9166666666666666,0.36333905057174,0.09135614506059214,0.04575757575757577,-0.04575757575757577,152,12.792,,250,500,0.1,4000,1.959963984540054,0.1|0.2|0.3|0.4|0.5|0.6|0.7|0.8|0.9|0.95|0.99,1,False,False
20260905T005453Z,laplace,1,extrapolation,200,0.40425679813345605,-0.23689775012258651,0.835,0.836422249053864,0.09135614506059216,0.155,-0.155,152,12.792,,250,500,0.1,4000,1.959963984540054,0.1|0.2|0.3|0.4|0.5|0.6|0.7|0.8|0.9|0.95|0.99,1,False,False
20260905T005453Z,laplace,1,overall,500,0.2688712733971191,0.378023925275761,0.884,0.5525723299645896,0.09135614506059214,0.08945454545454544,-0.08945454545454544,152,12.792,,250,500,0.1,4000,1.959963984540054,0.1|0.2|0.3|0.4|0.5|0.6|0.7|0.8|0.9|0.95|0.99,1,False,False
20260905T005453Z,gp,1,in_range,300,0.10613038724916544,0.7995805268302604,0.91,0.35846654824539304,0.09030562321091877,0.04393939393939393,-0.04393939393939393,3,0.987,,250,500,0.1,4000,1.959963984540054,0.1|0.2|0.3|0.4|0.5|0.6|0.7|0.8|0.9|0.95|0.99,1,False,False
20260905T005453Z,gp,1,extrapolation,200,0.221699618480426,0.15566124248071586,0.975,1.0709607766446245,0.09030562321091877,0.04636363636363638,0.04545454545454546,3,0.987,,250,500,0.1,4000,1.959963984540054,0.1|0.2|0.3|0.4|0.5|0.6|0.7|0.8|0.9|0.95|0.99,1,False,False
20260905T005453Z,gp,1,overall,500,0.16253763807912697,0.5420128130904426,0.936,0.6434642396050856,0.09030562321091877,0.009999999999999998,-0.008181818181818179,3,0.987,,250,500,0.1,4000,1.959963984540054,0.1|0.2|0.3|0.4|0.5|0.6|0.7|0.8|0.9|0.95|0.99,1,False,False
20260905T005453Z,map,2,in_range,300,0.10440951159316465,0.8402992456669064,0.94,0.4036037491364257,0.1029620320373233,0.01575757575757577,0.0036363636363636294,152,13.03,,250,500,0.1,4000,1.959963984540054,0.1|0.2|0.3|0.4|0.5|0.6|0.7|0.8|0.9|0.95|0.99,1,False,False
20260905T005453Z,map,2,extrapolation,200,0.38819887547446247,-5.753165833903952,0.555,0.4036037491364259,0.1029620320373233,0.25272727272727274,-0.25272727272727274,152,13.03,,250,500,0.1,4000,1.959963984540054,0.1|0.2|0.3|0.4|0.5|0.6|0.7|0.8|0.9|0.95|0.99,1,False,False
20260905T005453Z,map,2,overall,500,0.25849594665009507,-1.7970867861614366,0.786,0.4036037491364259,0.1029620320373233,0.09890909090909092,-0.09890909090909092,152,13.03,,250,500,0.1,4000,1.959963984540054,0.1|0.2|0.3|0.4|0.5|0.6|0.7|0.8|0.9|0.95|0.99,1,False,False
20260905T005453Z,mcd,2,in_range,300,0.16910584366931122,0.20941248323682926,0.9966666666666667,1.0538084940706751,0.22741356237203736,0.14303030303030304,0.14303030303030304,152,15.677,,250,500,0.1,4000,1.959963984540054,0.1|0.2|0.3|0.4|0.5|0.6|0.7|0.8|0.9|0.95|0.99,1,False,False
20260905T005453Z,mcd,2,extrapolation,200,0.8883392789787827,-4.286075297318881,0.11,1.1505172245643343,0.22741356237203736,0.5331818181818182,-0.5331818181818182,152,15.677,,250,500,0.1,4000,1.959963984540054,0.1|0.2|0.3|0.4|0.5|0.6|0.7|0.8|0.9|0.95|0.99,1,False,False
20260905T005453Z,mcd,2,overall,500,0.5769027141975354,-1.588782628985455,0.642,1.0924919862681388,0.22741356237203733,0.12745454545454546,-0.12745454545454546,152,15.677,,250,500,0.1,4000,1.959963984540054,0.1|0.2|0.3|0.4|0.5|0.6|0.7|0.8|0.9|0.95|0.99,1,False,False
20260905T005453Z,ensemble,2,in_range,300,0.10302202244634127,0.8538292983648574,0.95,0.4080287498705361,0.10384915146215519,0.011212121212121217,0.009999999999999997,760,68.088,,250,500,0.1,4000,1.959963984540054,0.1|0.2|0.3|0.4|0.5|0.6|0.7|0.8|0.9|0.95|0.99,1,False,False
20260905T005453Z,ensemble,2,extrapolation,200,0.36885418205839005,-4.099059343258191,0.625,0.4296789026460604,0.10384915146215518,0.21045454545454542,-0.21045454545454542,760,68.088,,250,500,0.1,4000,1.959963984540054,0.1|0.2|0.3|0.4|0.5|0.6|0.7|0.8|0.9|0.95|0.99,1,False,False
20260905T005453Z,ensemble,2,overall,500,0.2465552378558327,-1.127326158284362,0.82,0.4166888109807459,0.10384915146215518,0.07818181818181819,-0.07818181818181819,760,68.088,,250,500,0.1,4000,1.959963984540054,0.1|0.2|0.3|0.4|0.5|0.6|0.7|0.8|0.9|0.95|0.99,1,False,False
20260905T005453Z,bbb,2,in_range,300,0.1063538957490683,0.8220119308135075,0.9466666666666667,0.4146898434589334,0.10503941117918246,0.009696969696969697,0.0042424242424242385,303,28.618,,250,500,0.1,4000,1.959963984540054,0.1|0.2|0.3|0.4|0.5|0.6|0.7|0.8|0.9|0.95|0.99,1,False,False
20260905T005453Z,bbb,2,extrapolation,200,0.20259212063510404,-0.4759351539602356,0.775,0.4185257760928673,0.10503941117918246,0.13909090909090907,-0.13909090909090907,303,28.618,,250,500,0.1,4000,1.959963984540054,0.1|0.2|0.3|0.4|0.5|0.6|0.7|0.8|0.9|0.95|0.99,1,False,False
20260905T005453Z,bbb,2,overall,500,0.15232897827391093,0.3028330969040103,0.878,0.4162242165125069,0.10503941117918246,0.053090909090909084,-0.053090909090909084,303,28.618,,250,500,0.1,4000,1.959963984540054,0.1|0.2|0.3|0.4|0.5|0.6|0.7|0.8|0.9|0.95|0.99,1,False,False
20260905T005453Z,laplace,2,in_range,300,0.10440951159316465,0.8404823823704616,0.9433333333333334,0.41011073543925314,0.1029620320373233,0.01848484848484848,0.008787878787878782,152,13.693,,250,500,0.1,4000,1.959963984540054,0.1|0.2|0.3|0.4|0.5|0.6|0.7|0.8|0.9|0.95|0.99,1,False,False
20260905T005453Z,laplace,2,extrapolation,200,0.38819887547446247,-0.18875064386063087,0.835,0.8405986354169304,0.1029620320373233,0.10590909090909091,-0.10590909090909091,152,13.693,,250,500,0.1,4000,1.959963984540054,0.1|0.2|0.3|0.4|0.5|0.6|0.7|0.8|0.9|0.95|0.99,1,False,False
20260905T005453Z,laplace,2,overall,500,0.25849594665009507,0.4287891718780247,0.9,0.582305895430324,0.1029620320373233,0.03818181818181818,-0.03709090909090909,152,13.693,,250,500,0.1,4000,1.959963984540054,0.1|0.2|0.3|0.4|0.5|0.6|0.7|0.8|0.9|0.95|0.99,1,False,False
20260905T005453Z,gp,2,in_range,300,0.10342580884500041,0.8500269927635293,0.9533333333333334,0.40566697124680223,0.10211644655822652,0.011818181818181834,0.005757575757575776,3,0.708,,250,500,0.1,4000,1.959963984540054,0.1|0.2|0.3|0.4|0.5|0.6|0.7|0.8|0.9|0.95|0.99,1,False,False
20260905T005453Z,gp,2,extrapolation,200,0.12262038237871321,0.2668473673643365,1.0,1.2221978154817512,0.10211644655822652,0.2159090909090909,0.2159090909090909,3,0.708,,250,500,0.1,4000,1.959963984540054,0.1|0.2|0.3|0.4|0.5|0.6|0.7|0.8|0.9|0.95|0.99,1,False,False
20260905T005453Z,gp,2,overall,500,0.1115008611223531,0.6167551426038521,0.972,0.7322793089407817,0.10211644655822652,0.08981818181818181,0.08981818181818181,3,0.708,,250,500,0.1,4000,1.959963984540054,0.1|0.2|0.3|0.4|0.5|0.6|0.7|0.8|0.9|0.95|0.99,1,False,False
20260905T005453Z,map,3,in_range,300,0.1039159725660549,0.8443932485455963,0.9466666666666667,0.3958104978676288,0.10097392120205562,0.019090909090909092,0.001515151515151516,152,12.83,,250,500,0.1,4000,1.959963984540054,0.1|0.2|0.3|0.4|0.5|0.6|0.7|0.8|0.9|0.95|0.99,1,False,False
20260905T005453Z,map,3,extrapolation,200,0.3036792977041073,-3.1485804980711327,0.585,0.39581049786762884,0.10097392120205562,0.25772727272727275,-0.25772727272727275,152,12.83,,250,500,0.1,4000,1.959963984540054,0.1|0.2|0.3|0.4|0.5|0.6|0.7|0.8|0.9|0.95|0.99,1,False,False
20260905T005453Z,map,3,overall,500,0.20824880300792456,-0.7527962501010955,0.802,0.3958104978676288,0.10097392120205563,0.10218181818181815,-0.10218181818181815,152,12.83,,250,500,0.1,4000,1.959963984540054,0.1|0.2|0.3|0.4|0.5|0.6|0.7|0.8|0.9|0.95|0.99,1,False,False
20260905T005453Z,mcd,3,in_range,300,0.15427766127548218,0.37378248846356366,1.0,0.8453423665571296,0.1780983648299658,0.10939393939393939,0.10939393939393939,152,14.752,,250,500,0.1,4000,1.959963984540054,0.1|0.2|0.3|0.4|0.5|0.6|0.7|0.8|0.9|0.95|0.99,1,False,False
20260905T005453Z,mcd,3,extrapolation,200,0.8257847143122087,-5.3902094122018465,0.115,0.9380054649441457,0.1780983648299658,0.5454545454545454,-0.5454545454545454,152,14.752,,250,500,0.1,4000,1.959963984540054,0.1|0.2|0.3|0.4|0.5|0.6|0.7|0.8|0.9|0.95|0.99,1,False,False
20260905T005453Z,mcd,3,overall,500,0.5357696480931501,-1.9318142718026006,0.646,0.882407605911936,0.1780983648299658,0.1525454545454545,-0.1525454545454545,152,14.752,,250,500,0.1,4000,1.959963984540054,0.1|0.2|0.3|0.4|0.5|0.6|0.7|0.8|0.9|0.95|0.99,1,False,False
20260905T005453Z,ensemble,3,in_range,300,0.10508183104398007,0.8321919978881773,0.95,0.39508859429028464,0.0999142538585443,0.019090909090909092,-0.0015151515151515236,760,53.436,,250,500,0.1,4000,1.959963984540054,0.1|0.2|0.3|0.4|0.5|0.6|0.7|0.8|0.9|0.95|0.99,1,False,False
20260905T005453Z,ensemble,3,extrapolation,200,0.31332882047135,-2.624087571097604,0.635,0.41032389049158324,0.09991425385854431,0.23727272727272727,-0.23727272727272727,760,53.436,,250,500,0.1,4000,1.959963984540054,0.1|0.2|0.3|0.4|0.5|0.6|0.7|0.8|0.9|0.95|0.99,1,False,False
20260905T005453Z,ensemble,3,overall,500,0.21423187116888173,-0.5503198297061351,0.824,0.40118271277080414,0.09991425385854431,0.0958181818181818,-0.0958181818181818,760,53.436,,250,500,0.1,4000,1.959963984540054,0.1|0.2|0.3|0.4|0.5|0.6|0.7|0.8|0.9|0.95|0.99,1,False,False
20260905T005453Z,bbb,3,in_range,300,0.10239954431536968,0.8598605476649526,0.95,0.39635319634013855,0.10034740572863268,0.01000000000000001,-0.0039393939393939405,303,15.703,,250,500,0.1,4000,1.959963984540054,0.1|0.2|0.3|0.4|0.5|0.6|0.7|0.8|0.9|0.95|0.99,1,False,False
20260905T005453Z,bbb,3,extrapolation,200,0.3019212304481415,-3.019534443723396,0.39,0.3995735028782946,0.10034740572863268,0.3845454545454545,-0.3845454545454545,303,15.703,,250,500,0.1,4000,1.959963984540054,0.1|0.2|0.3|0.4|0.5|0.6|0.7|0.8|0.9|0.95|0.99,1,False,False
20260905T005453Z,bbb,3,overall,500,0.20677033579245627,-0.6918974488903871,0.726,0.3976413189554009,0.10034740572863268,0.15618181818181817,-0.15618181818181817,303,15.703,,250,500,0.1,4000,1.959963984540054,0.1|0.2|0.3|0.4|0.5|0.6|0.7|0.8|0.9|0.95|0.99,1,False,False
20260905T005453Z,laplace,3,in_range,300,0.1039159725660549,0.844570122276456,0.95,0.40128011217252674,0.10097392120205562,0.01848484848484849,0.006969696969696968,152,13.65,,250,500,0.1,4000,1.959963984540054,0.1|0.2|0.3|0.4|0.5|0.6|0.7|0.8|0.9|0.95|0.99,1,False,False
20260905T005453Z,laplace,3,extrapolation,200,0.3036792977041073,0.04880646774945279,0.94,0.9242021714013039,0.10097392120205562,0.051818181818181826,-0.051818181818181826,152,13.65,,250,500,0.1,4000,1.959963984540054,0.1|0.2|0.3|0.4|0.5|0.6|0.7|0.8|0.9|0.95|0.99,1,False,False
20260905T005453Z,laplace,3,overall,500,0.20824880300792456,0.5262646604656546,0.946,0.6104489358640376,0.10097392120205563,0.018727272727272717,-0.016545454545454544,152,13.65,,250,500,0.1,4000,1.959963984540054,0.1|0.2|0.3|0.4|0.5|0.6|0.7|0.8|0.9|0.95|0.99,1,False,False
20260905T005453Z,gp,3,in_range,300,0.10255922622301414,0.8572535102028962,0.9533333333333334,0.3930253993469148,0.09887691968161419,0.016060606060606067,-0.0009090909090909112,3,1.069,,250,500,0.1,4000,1.959963984540054,0.1|0.2|0.3|0.4|0.5|0.6|0.7|0.8|0.9|0.95|0.99,1,False,False
20260905T005453Z,gp,3,extrapolation,200,0.24252779282795464,0.04091594910837326,0.96,1.0989341800346721,0.09887691968161419,0.029545454545454538,-0.01136363636363638,3,1.069,,250,500,0.1,4000,1.959963984540054,0.1|0.2|0.3|0.4|0.5|0.6|0.7|0.8|0.9|0.95|0.99,1,False,False
20260905T005453Z,gp,3,overall,500,0.17273948317532314,0.5307184857650871,0.956,0.6753889116220176,0.0988769196816142,0.009090909090909089,-0.005090909090909085,3,1.069,,250,500,0.1,4000,1.959963984540054,0.1|0.2|0.3|0.4|0.5|0.6|0.7|0.8|0.9|0.95|0.99,1,False,False
20260905T005453Z,map,4,in_range,300,0.10135316642520777,0.869944119896852,0.9566666666666667,0.40380954237115047,0.1030145312761736,0.007272727272727288,0.001818181818181811,152,12.847,,250,500,0.1,4000,1.959963984540054,0.1|0.2|0.3|0.4|0.5|0.6|0.7|0.8|0.9|0.95|0.99,1,False,False
20260905T005453Z,map,4,extrapolation,200,0.2491416476131615,-1.5706480025464782,0.645,0.40380954237115047,0.10301453127617359,0.22136363636363632,-0.22136363636363632,152,12.847,,250,500,0.1,4000,1.959963984540054,0.1|0.2|0.3|0.4|0.5|0.6|0.7|0.8|0.9|0.95|0.99,1,False,False
20260905T005453Z,map,4,overall,500,0.17604574075168591,-0.10629272908048,0.832,0.4038095423711504,0.1030145312761736,0.08745454545454544,-0.08745454545454544,152,12.847,,250,500,0.1,4000,1.959963984540054,0.1|0.2|0.3|0.4|0.5|0.6|0.7|0.8|0.9|0.95|0.99,1,False,False
20260905T005453Z,mcd,4,in_range,300,0.16803724245531593,0.25081402114052576,0.99,0.9888127836340194,0.2112653480908369,0.1381818181818182,0.1381818181818182,152,15.127,,250,500,0.1,4000,1.959963984540054,0.1|0.2|0.3|0.4|0.5|0.6|0.7|0.8|0.9|0.95|0.99,1,False,False
20260905T005453Z,mcd,4,extrapolation,200,1.0079610134809212,-6.369673665035049,0.055,1.0742679532851775,0.2112653480908369,0.5604545454545454,-0.5604545454545454,152,15.127,,250,500,0.1,4000,1.959963984540054,0.1|0.2|0.3|0.4|0.5|0.6|0.7|0.8|0.9|0.95|0.99,1,False,False
20260905T005453Z,mcd,4,overall,500,0.6506428135238151,-2.3973810533297044,0.616,1.0229948514944827,0.2112653480908369,0.14454545454545453,-0.14127272727272724,152,15.127,,250,500,0.1,4000,1.959963984540054,0.1|0.2|0.3|0.4|0.5|0.6|0.7|0.8|0.9|0.95|0.99,1,False,False
20260905T005453Z,ensemble,4,in_range,300,0.10090632319536093,0.8723495111262963,0.9533333333333334,0.4082749613058846,0.10196315037450912,0.018484848484848482,0.00575757575757575,760,76.255,,250,500,0.1,4000,1.959963984540054,0.1|0.2|0.3|0.4|0.5|0.6|0.7|0.8|0.9|0.95|0.99,1,False,False
20260905T005453Z,ensemble,4,extrapolation,200,0.2645859324279586,-1.276685372295302,0.705,0.437304132830304,0.10196315037450912,0.1740909090909091,-0.1740909090909091,760,76.255,,250,500,0.1,4000,1.959963984540054,0.1|0.2|0.3|0.4|0.5|0.6|0.7|0.8|0.9|0.95|0.99,1,False,False
20260905T005453Z,ensemble,4,overall,500,0.18469309107812582,0.01273555775765692,0.854,0.4198866299156524,0.10196315037450913,0.06618181818181817,-0.06618181818181817,760,76.255,,250,500,0.1,4000,1.959963984540054,0.1|0.2|0.3|0.4|0.5|0.6|0.7|0.8|0.9|0.95|0.99,1,False,False
20260905T005453Z,bbb,4,in_range,300,0.10465275599981999,0.8381699791440136,0.9566666666666667,0.41008144591635337,0.10388812420225974,0.0066666666666666645,-0.00303030303030304,303,30.168,,250,500,0.1,4000,1.959963984540054,0.1|0.2|0.3|0.4|0.5|0.6|0.7|0.8|0.9|0.95|0.99,1,False,False
20260905T005453Z,bbb,4,extrapolation,200,0.3491183007077595,-4.143289716991266,0.38,0.4137350627402148,0.10388812420225975,0.3959090909090909,-0.3959090909090909,303,30.168,,250,500,0.1,4000,1.959963984540054,0.1|0.2|0.3|0.4|0.5|0.6|0.7|0.8|0.9|0.95|0.99,1,False,False
20260905T005453Z,bbb,4,overall,500,0.23521214840786633,-1.1544138993100983,0.726,0.41154289264589794,0.10388812420225974,0.16018181818181818,-0.16018181818181818,303,30.168,,250,500,0.1,4000,1.959963984540054,0.1|0.2|0.3|0.4|0.5|0.6|0.7|0.8|0.9|0.95|0.99,1,False,False
20260905T005453Z,laplace,4,in_range,300,0.10135316642520777,0.8692970017217586,0.96,0.41063442004085404,0.1030145312761736,0.0103030303030303,0.007272727272727273,152,13.842,,250,500,0.1,4000,1.959963984540054,0.1|0.2|0.3|0.4|0.5|0.6|0.7|0.8|0.9|0.95|0.99,1,False,False
20260905T005453Z,laplace,4,extrapolation,200,0.2491416476131615,0.12510354203846488,0.95,0.8913520642422336,0.10301453127617359,0.012727272727272724,-0.008181818181818182,152,13.842,,250,500,0.1,4000,1.959963984540054,0.1|0.2|0.3|0.4|0.5|0.6|0.7|0.8|0.9|0.95|0.99,1,False,False
20260905T005453Z,laplace,4,overall,500,0.17604574075168591,0.5716196178484411,0.956,0.6029214777214058,0.1030145312761736,0.0076363636363636295,0.001090909090909098,152,13.842,,250,500,0.1,4000,1.959963984540054,0.1|0.2|0.3|0.4|0.5|0.6|0.7|0.8|0.9|0.95|0.99,1,False,False
20260905T005453Z,gp,4,in_range,300,0.10038812475500075,0.8793004208740539,0.9533333333333334,0.40314563331444436,0.10136349829241523,0.012121212121212139,0.0024242424242424386,3,0.945,,250,500,0.1,4000,1.959963984540054,0.1|0.2|0.3|0.4|0.5|0.6|0.7|0.8|0.9|0.95|0.99,1,False,False
20260905T005453Z,gp,4,extrapolation,200,0.30350441892503965,-0.11332535148410047,0.965,1.166109020921387,0.10136349829241523,0.08681818181818181,-0.08227272727272726,3,0.945,,250,500,0.1,4000,1.959963984540054,0.1|0.2|0.3|0.4|0.5|0.6|0.7|0.8|0.9|0.95|0.99,1,False,False
20260905T005453Z,gp,4,overall,500,0.20710537964501488,0.48225011193079215,0.958,0.7083309883572214,0.10136349829241523,0.03545454545454546,-0.03145454545454546,3,0.945,,250,500,0.1,4000,1.959963984540054,0.1|0.2|0.3|0.4|0.5|0.6|0.7|0.8|0.9|0.95|0.99,1,False,False
20260905T005453Z,map,5,in_range,300,0.10837531829595912,0.7902501316706316,0.9166666666666666,0.3806830652815499,0.09711481136498663,0.03212121212121213,-0.03212121212121213,152,14.374,,250,500,0.1,4000,1.959963984540054,0.1|0.2|0.3|0.4|0.5|0.6|0.7|0.8|0.9|0.95|0.99,1,False,False
20260905T005453Z,map,5,extrapolation,200,0.47194755136740313,-10.395354276158084,0.505,0.38068306528154994,0.09711481136498663,0.3190909090909091,-0.3190909090909091,152,14.374,,250,500,0.1,4000,1.959963984540054,0.1|0.2|0.3|0.4|0.5|0.6|0.7|0.8|0.9|0.95|0.99,1,False,False
20260905T005453Z,map,5,overall,500,0.3100659966299519,-3.6839916314608545,0.752,0.38068306528154994,0.09711481136498663,0.1469090909090909,-0.1469090909090909,152,14.374,,250,500,0.1,4000,1.959963984540054,0.1|0.2|0.3|0.4|0.5|0.6|0.7|0.8|0.9|0.95|0.99,1,False,False
20260905T005453Z,mcd,5,in_range,300,0.14213280778600548,0.3384858003963208,1.0,0.9491807325419461,0.19871119531110418,0.1566666666666667,0.1566666666666667,152,16.261,,250,500,0.1,4000,1.959963984540054,0.1|0.2|0.3|0.4|0.5|0.6|0.7|0.8|0.9|0.95|0.99,1,False,False
20260905T005453Z,mcd,5,extrapolation,200,0.8559060579556451,-4.7774112830028095,0.16,1.0395069387404834,0.19871119531110418,0.5236363636363636,-0.5236363636363636,152,16.261,,250,500,0.1,4000,1.959963984540054,0.1|0.2|0.3|0.4|0.5|0.6|0.7|0.8|0.9|0.95|0.99,1,False,False
20260905T005453Z,mcd,5,overall,500,0.5524048452426435,-1.707873032963332,0.664,0.985311215021361,0.19871119531110415,0.12090909090909091,-0.11545454545454546,152,16.261,,250,500,0.1,4000,1.959963984540054,0.1|0.2|0.3|0.4|0.5|0.6|0.7|0.8|0.9|0.95|0.99,1,False,False
20260905T005453Z,ensemble,5,in_range,300,0.10352395571609975,0.844395382003494,0.9166666666666666,0.37792743035434034,0.09517255895433872,0.025151515151515157,-0.025151515151515157,760,70.066,,250,500,0.1,4000,1.959963984540054,0.1|0.2|0.3|0.4|0.5|0.6|0.7|0.8|0.9|0.95|0.99,1,False,False
20260905T005453Z,ensemble,5,extrapolation,200,0.3616053856856571,-1.872277126884069,0.605,0.46869732769353434,0.09517255895433872,0.24000000000000002,-0.24000000000000002,760,70.066,,250,500,0.1,4000,1.959963984540054,0.1|0.2|0.3|0.4|0.5|0.6|0.7|0.8|0.9|0.95|0.99,1,False,False
20260905T005453Z,ensemble,5,overall,500,0.24235038194113603,-0.24227362155153137,0.792,0.4142353892900179,0.09517255895433872,0.11109090909090909,-0.11109090909090909,760,70.066,,250,500,0.1,4000,1.959963984540054,0.1|0.2|0.3|0.4|0.5|0.6|0.7|0.8|0.9|0.95|0.99,1,False,False
20260905T005453Z,bbb,5,in_range,300,0.10579775457625418,0.817311002053313,0.92,0.37537128061328273,0.09493761510449607,0.03393939393939392,-0.03393939393939392,303,32.621,,250,500,0.1,4000,1.959963984540054,0.1|0.2|0.3|0.4|0.5|0.6|0.7|0.8|0.9|0.95|0.99,1,False,False
20260905T005453Z,bbb,5,extrapolation,200,0.20247456444751571,-0.7612748474752393,0.75,0.3790613166065561,0.09493761510449607,0.16318181818181815,-0.16318181818181815,303,32.621,,250,500,0.1,4000,1.959963984540054,0.1|0.2|0.3|0.4|0.5|0.6|0.7|0.8|0.9|0.95|0.99,1,False,False
20260905T005453Z,bbb,5,overall,500,0.15203380750119647,0.18587666224189203,0.852,0.3768472950105921,0.09493761510449607,0.08563636363636364,-0.08563636363636364,303,32.621,,250,500,0.1,4000,1.959963984540054,0.1|0.2|0.3|0.4|0.5|0.6|0.7|0.8|0.9|0.95|0.99,1,False,False
20260905T005453Z,laplace,5,in_range,300,0.10837531829595912,0.7936846439275979,0.9166666666666666,0.3862113992416276,0.09711481136498663,0.02727272727272727,-0.02727272727272727,152,17.812,,250,500,0.1,4000,1.959963984540054,0.1|0.2|0.3|0.4|0.5|0.6|0.7|0.8|0.9|0.95|0.99,1,False,False
20260905T005453Z,laplace,5,extrapolation,200,0.47194755136740313,-0.19977429972708283,0.91,0.993229713145044,0.09711481136498663,0.1359090909090909,-0.13409090909090907,152,17.812,,250,500,0.1,4000,1.959963984540054,0.1|0.2|0.3|0.4|0.5|0.6|0.7|0.8|0.9|0.95|0.99,1,False,False
20260905T005453Z,laplace,5,overall,500,0.3100659966299519,0.39630106646572544,0.914,0.6290187248029941,0.09711481136498663,0.07,-0.07,152,17.812,,250,500,0.1,4000,1.959963984540054,0.1|0.2|0.3|0.4|0.5|0.6|0.7|0.8|0.9|0.95|0.99,1,False,False
20260905T005453Z,gp,5,in_range,300,0.10366694311969459,0.8402827185053966,0.91,0.37302450631005796,0.09388521297806907,0.02848484848484848,-0.02848484848484848,3,0.876,,250,500,0.1,4000,1.959963984540054,0.1|0.2|0.3|0.4|0.5|0.6|0.7|0.8|0.9|0.95|0.99,1,False,False
20260905T005453Z,gp,5,extrapolation,200,0.22321601581109057,0.12091562603878042,0.98,1.1916095091848182,0.09388521297806907,0.06727272727272728,0.039999999999999994,3,0.876,,250,500,0.1,4000,1.959963984540054,0.1|0.2|0.3|0.4|0.5|0.6|0.7|0.8|0.9|0.95|0.99,1,False,False
20260905T005453Z,gp,5,overall,500,0.16241384467864806,0.5525358815187501,0.938,0.7004585074599622,0.09388521297806907,0.02654545454545455,-0.0010909090909090918,3,0.876,,250,500,0.1,4000,1.959963984540054,0.1|0.2|0.3|0.4|0.5|0.6|0.7|0.8|0.9|0.95|0.99,1,False,False
20260905T005453Z,map,6,in_range,300,0.10123673552034955,0.8708747953484266,0.9566666666666667,0.4056988242159268,0.1034964997867378,0.01909090909090909,-0.009393939393939392,152,7.172,,250,500,0.1,4000,1.959963984540054,0.1|0.2|0.3|0.4|0.5|0.6|0.7|0.8|0.9|0.95|0.99,1,False,False
20260905T005453Z,map,6,extrapolation,200,0.27796317178082003,-2.257281341103562,0.67,0.4056988242159268,0.1034964997867378,0.20272727272727273,-0.20272727272727273,152,7.172,,250,500,0.1,4000,1.959963984540054,0.1|0.2|0.3|0.4|0.5|0.6|0.7|0.8|0.9|0.95|0.99,1,False,False
20260905T005453Z,map,6,overall,500,0.1924960672789753,-0.38038765923236884,0.842,0.40569882421592685,0.10349649978673779,0.08672727272727272,-0.08672727272727272,152,7.172,,250,500,0.1,4000,1.959963984540054,0.1|0.2|0.3|0.4|0.5|0.6|0.7|0.8|0.9|0.95|0.99,1,False,False
20260905T005453Z,mcd,6,in_range,300,0.1495326786610412,0.36565946586763404,0.9966666666666667,0.8808236319945191,0.18718517034891424,0.12363636363636364,0.12363636363636364,152,8.911,,250,500,0.1,4000,1.959963984540054,0.1|0.2|0.3|0.4|0.5|0.6|0.7|0.8|0.9|0.95|0.99,1,False,False
20260905T005453Z,mcd,6,extrapolation,200,0.7633854286109785,-4.077089966356877,0.115,0.9900630968157604,0.18718517034891421,0.5322727272727272,-0.5322727272727272,152,8.911,,250,500,0.1,4000,1.959963984540054,0.1|0.2|0.3|0.4|0.5|0.6|0.7|0.8|0.9|0.95|0.99,1,False,False
20260905T005453Z,mcd,6,overall,500,0.4965067353407753,-1.4114403070221704,0.644,0.9245194179230157,0.18718517034891421,0.1401818181818182,-0.13872727272727275,152,8.911,,250,500,0.1,4000,1.959963984540054,0.1|0.2|0.3|0.4|0.5|0.6|0.7|0.8|0.9|0.95|0.99,1,False,False
20260905T005453Z,ensemble,6,in_range,300,0.09892104885950588,0.8927223606109936,0.9633333333333334,0.40754228281060745,0.10323096026340582,0.019393939393939408,-0.004242424242424231,760,68.516,,250,500,0.1,4000,1.959963984540054,0.1|0.2|0.3|0.4|0.5|0.6|0.7|0.8|0.9|0.95|0.99,1,False,False
20260905T005453Z,ensemble,6,extrapolation,200,0.27993076906653447,-2.142383508969248,0.695,0.41383749462973013,0.10323096026340582,0.18454545454545454,-0.18454545454545454,760,68.516,,250,500,0.1,4000,1.959963984540054,0.1|0.2|0.3|0.4|0.5|0.6|0.7|0.8|0.9|0.95|0.99,1,False,False
20260905T005453Z,ensemble,6,overall,500,0.19291375931371882,-0.3213199872211032,0.856,0.4100603675382566,0.10323096026340584,0.07636363636363637,-0.07636363636363637,760,68.516,,250,500,0.1,4000,1.959963984540054,0.1|0.2|0.3|0.4|0.5|0.6|0.7|0.8|0.9|0.95|0.99,1,False,False
20260905T005453Z,bbb,6,in_range,300,0.10136403568245723,0.8686628775920876,0.95,0.4129933391468124,0.1044709468178944,0.013939393939393939,0.0030303030303030294,303,36.554,,250,500,0.1,4000,1.959963984540054,0.1|0.2|0.3|0.4|0.5|0.6|0.7|0.8|0.9|0.95|0.99,1,False,False
20260905T005453Z,bbb,6,extrapolation,200,0.20212917109546782,-0.48805861911785237,0.68,0.41616887641941647,0.10447094681789439,0.25909090909090904,-0.25909090909090904,303,36.554,,250,500,0.1,4000,1.959963984540054,0.1|0.2|0.3|0.4|0.5|0.6|0.7|0.8|0.9|0.95|0.99,1,False,False
20260905T005453Z,bbb,6,overall,500,0.15002426924000345,0.3259742789081116,0.842,0.4142635540558541,0.10447094681789439,0.1018181818181818,-0.1018181818181818,303,36.554,,250,500,0.1,4000,1.959963984540054,0.1|0.2|0.3|0.4|0.5|0.6|0.7|0.8|0.9|0.95|0.99,1,False,False
20260905T005453Z,laplace,6,in_range,300,0.10123673552034955,0.8687257843807542,0.9633333333333334,0.4118994563161981,0.1034964997867378,0.01818181818181819,-0.004848484848484832,152,15.266,,250,500,0.1,4000,1.959963984540054,0.1|0.2|0.3|0.4|0.5|0.6|0.7|0.8|0.9|0.95|0.99,1,False,False
20260905T005453Z,laplace,6,extrapolation,200,0.27796317178082003,0.09446941321122351,1.0,1.2671326732700905,0.1034964997867378,0.09090909090909091,0.09090909090909091,152,15.266,,250,500,0.1,4000,1.959963984540054,0.1|0.2|0.3|0.4|0.5|0.6|0.7|0.8|0.9|0.95|0.99,1,False,False
20260905T005453Z,laplace,6,overall,500,0.1924960672789753,0.5590232359129419,0.978,0.753992743097755,0.10349649978673779,0.03490909090909092,0.03345454545454546,152,15.266,,250,500,0.1,4000,1.959963984540054,0.1|0.2|0.3|0.4|0.5|0.6|0.7|0.8|0.9|0.95|0.99,1,False,False
20260905T005453Z,gp,6,in_range,300,0.09807802469773887,0.8990495313935071,0.9566666666666667,0.40705428079234474,0.10244225718323499,0.013333333333333334,6.308085367188389e-18,3,0.76,,250,500,0.1,4000,1.959963984540054,0.1|0.2|0.3|0.4|0.5|0.6|0.7|0.8|0.9|0.95|0.99,1,False,False
20260905T005453Z,gp,6,extrapolation,200,0.15669127699741753,0.26258179953248223,0.995,1.1691760850710606,0.102442257183235,0.15545454545454546,0.15545454545454546,3,0.76,,250,500,0.1,4000,1.959963984540054,0.1|0.2|0.3|0.4|0.5|0.6|0.7|0.8|0.9|0.95|0.99,1,False,False
20260905T005453Z,gp,6,overall,500,0.12486969957519212,0.644462438649097,0.972,0.7119030025038311,0.102442257183235,0.06218181818181818,0.06218181818181818,3,0.76,,250,500,0.1,4000,1.959963984540054,0.1|0.2|0.3|0.4|0.5|0.6|0.7|0.8|0.9|0.95|0.99,1,False,False
20260905T005453Z,map,7,in_range,300,0.09987586464105913,0.8841939619968444,0.94,0.40205647016593987,0.10256731076114409,0.01848484848484848,0.01484848484848484,152,14.565,,250,500,0.1,4000,1.959963984540054,0.1|0.2|0.3|0.4|0.5|0.6|0.7|0.8|0.9|0.95|0.99,1,False,False
20260905T005453Z,map,7,extrapolation,200,0.3585019416188068,-4.7502097400807335,0.615,0.40205647016593987,0.1025673107611441,0.23999999999999996,-0.23999999999999996,152,14.565,,250,500,0.1,4000,1.959963984540054,0.1|0.2|0.3|0.4|0.5|0.6|0.7|0.8|0.9|0.95|0.99,1,False,False
20260905T005453Z,map,7,overall,500,0.2395716382639256,-1.3695675188341865,0.81,0.40205647016593987,0.10256731076114409,0.0870909090909091,-0.0870909090909091,152,14.565,,250,500,0.1,4000,1.959963984540054,0.1|0.2|0.3|0.4|0.5|0.6|0.7|0.8|0.9|0.95|0.99,1,False,False
20260905T005453Z,mcd,7,in_range,300,0.15338508131748915,0.301574903847165,1.0,0.9619888482560134,0.20614918209629826,0.1390909090909091,0.1390909090909091,152,16.271,,250,500,0.1,4000,1.959963984540054,0.1|0.2|0.3|0.4|0.5|0.6|0.7|0.8|0.9|0.95|0.99,1,False,False
20260905T005453Z,mcd,7,extrapolation,200,0.7463830387530958,-3.2512102019676665,0.175,1.0857683569657748,0.2061491820962983,0.5149999999999999,-0.5149999999999999,152,16.271,,250,500,0.1,4000,1.959963984540054,0.1|0.2|0.3|0.4|0.5|0.6|0.7|0.8|0.9|0.95|0.99,1,False,False
20260905T005453Z,mcd,7,overall,500,0.48677638204599216,-1.1195391384787674,0.67,1.0115006517399179,0.2061491820962983,0.12254545454545455,-0.12254545454545455,152,16.271,,250,500,0.1,4000,1.959963984540054,0.1|0.2|0.3|0.4|0.5|0.6|0.7|0.8|0.9|0.95|0.99,1,False,False
20260905T005453Z,ensemble,7,in_range,300,0.09898431563606101,0.8934338177407983,0.9466666666666667,0.39582712855375746,0.09896312308269671,0.01727272727272727,0.01484848484848485,760,72.625,,250,500,0.1,4000,1.959963984540054,0.1|0.2|0.3|0.4|0.5|0.6|0.7|0.8|0.9|0.95|0.99,1,False,False
20260905T005453Z,ensemble,7,extrapolation,200,0.3570608513416989,-3.504080551294732,0.64,0.4270637027292197,0.09896312308269671,0.23954545454545453,-0.23954545454545453,760,72.625,,250,500,0.1,4000,1.959963984540054,0.1|0.2|0.3|0.4|0.5|0.6|0.7|0.8|0.9|0.95|0.99,1,False,False
20260905T005453Z,ensemble,7,overall,500,0.23848630457430284,-0.8655719298734138,0.824,0.4083217582239423,0.09896312308269672,0.08690909090909092,-0.08690909090909092,760,72.625,,250,500,0.1,4000,1.959963984540054,0.1|0.2|0.3|0.4|0.5|0.6|0.7|0.8|0.9|0.95|0.99,1,False,False
20260905T005453Z,bbb,7,in_range,300,0.10458884454003371,0.8367375083493598,0.9333333333333333,0.39356921139274453,0.09956259792771846,0.019090909090909085,-0.00030303030303029235,303,33.933,,250,500,0.1,4000,1.959963984540054,0.1|0.2|0.3|0.4|0.5|0.6|0.7|0.8|0.9|0.95|0.99,1,False,False
20260905T005453Z,bbb,7,extrapolation,200,0.1673379954395513,0.01804323169753397,0.77,0.3986240997083256,0.09956259792771847,0.12681818181818183,-0.12681818181818183,303,33.933,,250,500,0.1,4000,1.959963984540054,0.1|0.2|0.3|0.4|0.5|0.6|0.7|0.8|0.9|0.95|0.99,1,False,False
20260905T005453Z,bbb,7,overall,500,0.1332820232755435,0.5092597976886294,0.868,0.395591166718977,0.09956259792771847,0.052727272727272734,-0.05090909090909091,303,33.933,,250,500,0.1,4000,1.959963984540054,0.1|0.2|0.3|0.4|0.5|0.6|0.7|0.8|0.9|0.95|0.99,1,False,False
20260905T005453Z,laplace,7,in_range,300,0.09987586464105913,0.8824607327678688,0.95,0.4081072018673108,0.10256731076114409,0.019393939393939384,0.019393939393939384,152,16.031,,250,500,0.1,4000,1.959963984540054,0.1|0.2|0.3|0.4|0.5|0.6|0.7|0.8|0.9|0.95|0.99,1,False,False
20260905T005453Z,laplace,7,extrapolation,200,0.3585019416188068,0.010395647776989812,0.905,0.8735667877443247,0.1025673107611441,0.06681818181818182,-0.06681818181818182,152,16.031,,250,500,0.1,4000,1.959963984540054,0.1|0.2|0.3|0.4|0.5|0.6|0.7|0.8|0.9|0.95|0.99,1,False,False
20260905T005453Z,laplace,7,overall,500,0.2395716382639256,0.5336346987715174,0.932,0.5942910362181163,0.10256731076114409,0.015454545454545459,-0.015090909090909094,152,16.031,,250,500,0.1,4000,1.959963984540054,0.1|0.2|0.3|0.4|0.5|0.6|0.7|0.8|0.9|0.95|0.99,1,False,False
20260905T005453Z,gp,7,in_range,300,0.09924686791561985,0.8901730146392233,0.94,0.3859952837549072,0.09714673361671684,0.017878787878787904,0.008181818181818176,3,1.044,,250,500,0.1,4000,1.959963984540054,0.1|0.2|0.3|0.4|0.5|0.6|0.7|0.8|0.9|0.95|0.99,1,False,False
20260905T005453Z,gp,7,extrapolation,200,0.14040661554674444,0.26321544152445947,0.995,1.1893685647551493,0.09714673361671684,0.1659090909090909,0.1659090909090909,3,1.044,,250,500,0.1,4000,1.959963984540054,0.1|0.2|0.3|0.4|0.5|0.6|0.7|0.8|0.9|0.95|0.99,1,False,False
20260905T005453Z,gp,7,overall,500,0.11745455099889836,0.6393899853933177,0.962,0.707344596155004,0.09714673361671684,0.07127272727272728,0.07127272727272728,3,1.044,,250,500,0.1,4000,1.959963984540054,0.1|0.2|0.3|0.4|0.5|0.6|0.7|0.8|0.9|0.95|0.99,1,False,False
20260905T005453Z,map,8,in_range,300,0.11270997194023921,0.750526799618053,0.9133333333333333,0.39510212087620117,0.10079320946525452,0.028787878787878786,-0.026969696969696966,152,13.526,,250,500,0.1,4000,1.959963984540054,0.1|0.2|0.3|0.4|0.5|0.6|0.7|0.8|0.9|0.95|0.99,1,False,False
20260905T005453Z,map,8,extrapolation,200,0.3638720854755983,-5.140612236740445,0.595,0.39510212087620117,0.10079320946525452,0.24454545454545454,-0.24454545454545454,152,13.526,,250,500,0.1,4000,1.959963984540054,0.1|0.2|0.3|0.4|0.5|0.6|0.7|0.8|0.9|0.95|0.99,1,False,False
20260905T005453Z,map,8,overall,500,0.24613671099656415,-1.6059288149253466,0.786,0.39510212087620117,0.10079320946525452,0.114,-0.114,152,13.526,,250,500,0.1,4000,1.959963984540054,0.1|0.2|0.3|0.4|0.5|0.6|0.7|0.8|0.9|0.95|0.99,1,False,False
20260905T005453Z,mcd,8,in_range,300,0.15461410744987364,0.3527608369531018,1.0,0.875039915804229,0.1841622820344043,0.1087878787878788,0.1087878787878788,152,15.631,,250,500,0.1,4000,1.959963984540054,0.1|0.2|0.3|0.4|0.5|0.6|0.7|0.8|0.9|0.95|0.99,1,False,False
20260905T005453Z,mcd,8,extrapolation,200,0.7742204512820621,-4.395781761779407,0.135,0.9714842665788734,0.1841622820344043,0.5363636363636364,-0.5363636363636364,152,15.631,,250,500,0.1,4000,1.959963984540054,0.1|0.2|0.3|0.4|0.5|0.6|0.7|0.8|0.9|0.95|0.99,1,False,False
20260905T005453Z,mcd,8,overall,500,0.5040934796313801,-1.5466562025399018,0.654,0.913617656114087,0.18416228203440432,0.14927272727272728,-0.14927272727272728,152,15.631,,250,500,0.1,4000,1.959963984540054,0.1|0.2|0.3|0.4|0.5|0.6|0.7|0.8|0.9|0.95|0.99,1,False,False
20260905T005453Z,ensemble,8,in_range,300,0.10620784363389765,0.818054112404501,0.93,0.3874322999138232,0.09828948432544397,0.016666666666666666,-0.01545454545454546,760,77.917,,250,500,0.1,4000,1.959963984540054,0.1|0.2|0.3|0.4|0.5|0.6|0.7|0.8|0.9|0.95|0.99,1,False,False
20260905T005453Z,ensemble,8,extrapolation,200,0.3694593760780316,-4.725377049741363,0.58,0.401522383306106,0.09828948432544397,0.2540909090909091,-0.2540909090909091,760,77.917,,250,500,0.1,4000,1.959963984540054,0.1|0.2|0.3|0.4|0.5|0.6|0.7|0.8|0.9|0.95|0.99,1,False,False
20260905T005453Z,ensemble,8,overall,500,0.24772596928542803,-1.3993183524538444,0.79,0.39306833327073626,0.09828948432544396,0.11090909090909093,-0.11090909090909093,760,77.917,,250,500,0.1,4000,1.959963984540054,0.1|0.2|0.3|0.4|0.5|0.6|0.7|0.8|0.9|0.95|0.99,1,False,False
20260905T005453Z,bbb,8,in_range,300,0.10632347569244581,0.8202491840690158,0.9433333333333334,0.3996760491368694,0.10113973792289958,0.014242424242424223,-0.011212121212121205,303,30.539,,250,500,0.1,4000,1.959963984540054,0.1|0.2|0.3|0.4|0.5|0.6|0.7|0.8|0.9|0.95|0.99,1,False,False
20260905T005453Z,bbb,8,extrapolation,200,0.20800380957477804,-0.6772613252669314,0.65,0.4040919484856788,0.10113973792289958,0.24318181818181817,-0.24318181818181817,303,30.539,,250,500,0.1,4000,1.959963984540054,0.1|0.2|0.3|0.4|0.5|0.6|0.7|0.8|0.9|0.95|0.99,1,False,False
20260905T005453Z,bbb,8,overall,500,0.15520645221459536,0.22124498033463696,0.826,0.40144240887639315,0.10113973792289958,0.10400000000000001,-0.10400000000000001,303,30.539,,250,500,0.1,4000,1.959963984540054,0.1|0.2|0.3|0.4|0.5|0.6|0.7|0.8|0.9|0.95|0.99,1,False,False
20260905T005453Z,laplace,8,in_range,300,0.11270997194023921,0.7524771030597576,0.9166666666666666,0.40129094198846044,0.10079320946525452,0.02454545454545455,-0.02212121212121212,152,14.44,,250,500,0.1,4000,1.959963984540054,0.1|0.2|0.3|0.4|0.5|0.6|0.7|0.8|0.9|0.95|0.99,1,False,False
20260905T005453Z,laplace,8,extrapolation,200,0.3638720854755983,0.10186962350960987,0.995,1.0869011776269826,0.10079320946525452,0.03409090909090907,-0.005909090909090905,152,14.44,,250,500,0.1,4000,1.959963984540054,0.1|0.2|0.3|0.4|0.5|0.6|0.7|0.8|0.9|0.95|0.99,1,False,False
20260905T005453Z,laplace,8,overall,500,0.24613671099656415,0.49223411123969846,0.948,0.6755350362438693,0.10079320946525452,0.01709090909090908,-0.015636363636363625,152,14.44,,250,500,0.1,4000,1.959963984540054,0.1|0.2|0.3|0.4|0.5|0.6|0.7|0.8|0.9|0.95|0.99,1,False,False
20260905T005453Z,gp,8,in_range,300,0.10554665029942452,0.8212868156800742,0.93,0.3812485517057045,0.0960456184128111,0.017575757575757554,-0.015151515151515131,3,1.138,,250,500,0.1,4000,1.959963984540054,0.1|0.2|0.3|0.4|0.5|0.6|0.7|0.8|0.9|0.95|0.99,1,False,False
20260905T005453Z,gp,8,extrapolation,200,0.19685082504709947,0.28120629478836273,0.995,1.0873866094734983,0.0960456184128111,0.11045454545454546,0.11045454545454546,3,1.138,,250,500,0.1,4000,1.959963984540054,0.1|0.2|0.3|0.4|0.5|0.6|0.7|0.8|0.9|0.95|0.99,1,False,False
20260905T005453Z,gp,8,overall,500,0.14894346632983577,0.6052546073233895,0.956,0.6637037748128221,0.0960456184128111,0.03618181818181819,0.035090909090909096,3,1.138,,250,500,0.1,4000,1.959963984540054,0.1|0.2|0.3|0.4|0.5|0.6|0.7|0.8|0.9|0.95|0.99,1,False,False
20260905T005453Z,map,9,in_range,300,0.09121771128893708,0.9576988400602647,0.9733333333333334,0.4112609651637376,0.10491543936718016,0.04090909090909091,0.04090909090909091,152,14.063,,250,500,0.1,4000,1.959963984540054,0.1|0.2|0.3|0.4|0.5|0.6|0.7|0.8|0.9|0.95|0.99,1,False,False
20260905T005453Z,map,9,extrapolation,200,0.2958639311795845,-2.640602239295899,0.655,0.4112609651637377,0.10491543936718015,0.21318181818181817,-0.21318181818181817,152,14.063,,250,500,0.1,4000,1.959963984540054,0.1|0.2|0.3|0.4|0.5|0.6|0.7|0.8|0.9|0.95|0.99,1,False,False
20260905T005453Z,map,9,overall,500,0.2000164713739603,-0.48162159168220064,0.846,0.4112609651637377,0.10491543936718015,0.060727272727272734,-0.060727272727272734,152,14.063,,250,500,0.1,4000,1.959963984540054,0.1|0.2|0.3|0.4|0.5|0.6|0.7|0.8|0.9|0.95|0.99,1,False,False
20260905T005453Z,mcd,9,in_range,300,0.1511619578095564,0.3177306717746738,1.0,0.9532554116389997,0.20289876123067188,0.13515151515151516,0.13515151515151516,152,17.078,,250,500,0.1,4000,1.959963984540054,0.1|0.2|0.3|0.4|0.5|0.6|0.7|0.8|0.9|0.95|0.99,1,False,False
20260905T005453Z,mcd,9,extrapolation,200,0.7208018796515966,-3.1493636222229417,0.21,1.0608122492570813,0.2028987612306719,0.4990909090909091,-0.4990909090909091,152,17.078,,250,500,0.1,4000,1.959963984540054,0.1|0.2|0.3|0.4|0.5|0.6|0.7|0.8|0.9|0.95|0.99,1,False,False
20260905T005453Z,mcd,9,overall,500,0.4706719689730851,-1.0691070458243725,0.684,0.9962781466862324,0.20289876123067194,0.11854545454545452,-0.11854545454545452,152,17.078,,250,500,0.1,4000,1.959963984540054,0.1|0.2|0.3|0.4|0.5|0.6|0.7|0.8|0.9|0.95|0.99,1,False,False
20260905T005453Z,ensemble,9,in_range,300,0.09073359595542894,0.9554386528093128,0.9766666666666667,0.42113060050281015,0.10639380230853471,0.047575757575757584,0.047575757575757584,760,74.402,,250,500,0.1,4000,1.959963984540054,0.1|0.2|0.3|0.4|0.5|0.6|0.7|0.8|0.9|0.95|0.99,1,False,False
20260905T005453Z,ensemble,9,extrapolation,200,0.340844392017816,-2.1090237723672054,0.65,0.45989045401607664,0.10639380230853471,0.2209090909090909,-0.2209090909090909,760,74.402,,250,500,0.1,4000,1.959963984540054,0.1|0.2|0.3|0.4|0.5|0.6|0.7|0.8|0.9|0.95|0.99,1,False,False
20260905T005453Z,ensemble,9,overall,500,0.22673665581241972,-0.2703463172612945,0.846,0.43663454190811674,0.10639380230853471,0.05981818181818181,-0.05981818181818181,760,74.402,,250,500,0.1,4000,1.959963984540054,0.1|0.2|0.3|0.4|0.5|0.6|0.7|0.8|0.9|0.95|0.99,1,False,False
20260905T005453Z,bbb,9,in_range,300,0.09650767810801106,0.8946282377627116,0.97,0.44621053862919685,0.1127507309993623,0.04757575757575758,0.04757575757575758,303,30.705,,250,500,0.1,4000,1.959963984540054,0.1|0.2|0.3|0.4|0.5|0.6|0.7|0.8|0.9|0.95|0.99,1,False,False
20260905T005453Z,bbb,9,extrapolation,200,0.17311160975687884,0.11864843360751937,0.86,0.45274794685289577,0.11275073099936232,0.14181818181818182,-0.14181818181818182,303,30.705,,250,500,0.1,4000,1.959963984540054,0.1|0.2|0.3|0.4|0.5|0.6|0.7|0.8|0.9|0.95|0.99,1,False,False
20260905T005453Z,bbb,9,overall,500,0.1325718331069117,0.5842363161006346,0.926,0.4488255019186764,0.11275073099936232,0.028181818181818176,-0.028181818181818176,303,30.705,,250,500,0.1,4000,1.959963984540054,0.1|0.2|0.3|0.4|0.5|0.6|0.7|0.8|0.9|0.95|0.99,1,False,False
20260905T005453Z,laplace,9,in_range,300,0.09121771128893708,0.9537295778278541,0.9733333333333334,0.4175675911736263,0.10491543936718016,0.04545454545454548,0.04545454545454548,152,14.832,,250,500,0.1,4000,1.959963984540054,0.1|0.2|0.3|0.4|0.5|0.6|0.7|0.8|0.9|0.95|0.99,1,False,False
20260905T005453Z,laplace,9,extrapolation,200,0.2958639311795845,0.162445708130787,0.945,0.8241109304166544,0.10491543936718015,0.03227272727272728,-0.03136363636363637,152,14.832,,250,500,0.1,4000,1.959963984540054,0.1|0.2|0.3|0.4|0.5|0.6|0.7|0.8|0.9|0.95|0.99,1,False,False
20260905T005453Z,laplace,9,overall,500,0.2000164713739603,0.6372160299490272,0.962,0.5801849268708376,0.10491543936718015,0.018363636363636374,0.014727272727272733,152,14.832,,250,500,0.1,4000,1.959963984540054,0.1|0.2|0.3|0.4|0.5|0.6|0.7|0.8|0.9|0.95|0.99,1,False,False
20260905T005453Z,gp,9,in_range,300,0.09110881292116366,0.9559390341018618,0.9733333333333334,0.41537654212883285,0.10449446486162386,0.04363636363636365,0.04363636363636365,3,1.305,,250,500,0.1,4000,1.959963984540054,0.1|0.2|0.3|0.4|0.5|0.6|0.7|0.8|0.9|0.95|0.99,1,False,False
20260905T005453Z,gp,9,extrapolation,200,0.29535959413740664,-0.0442633317251741,0.98,1.259898953388039,0.10449446486162385,0.03727272727272726,-0.0090909090909091,3,1.305,,250,500,0.1,4000,1.959963984540054,0.1|0.2|0.3|0.4|0.5|0.6|0.7|0.8|0.9|0.95|0.99,1,False,False
20260905T005453Z,gp,9,overall,500,0.19968827059882008,0.5558580877710474,0.976,0.7531855066325154,0.10449446486162385,0.026181818181818185,0.022545454545454546,3,1.305,,250,500,0.1,4000,1.959963984540054,0.1|0.2|0.3|0.4|0.5|0.6|0.7|0.8|0.9|0.95|0.99,1,False,False
20260905T005453Z,map,10,in_range,300,0.10783192962235127,0.8061814398200258,0.94,0.40420422317298355,0.10311521700431611,0.016060606060606067,-0.016060606060606067,152,14.322,,250,500,0.1,4000,1.959963984540054,0.1|0.2|0.3|0.4|0.5|0.6|0.7|0.8|0.9|0.95|0.99,1,False,False
20260905T005453Z,map,10,extrapolation,200,0.32815112283065706,-3.7107804297299705,0.635,0.40420422317298343,0.1031152170043161,0.22272727272727275,-0.22272727272727275,152,14.322,,250,500,0.1,4000,1.959963984540054,0.1|0.2|0.3|0.4|0.5|0.6|0.7|0.8|0.9|0.95|0.99,1,False,False
20260905T005453Z,map,10,overall,500,0.22371834702065954,-1.000603307999973,0.818,0.40420422317298343,0.1031152170043161,0.09872727272727273,-0.09872727272727273,152,14.322,,250,500,0.1,4000,1.959963984540054,0.1|0.2|0.3|0.4|0.5|0.6|0.7|0.8|0.9|0.95|0.99,1,False,False
20260905T005453Z,mcd,10,in_range,300,0.15801395892445957,0.32094524173755007,0.9966666666666667,0.9108753431590604,0.19482722075970335,0.10878787878787878,0.10878787878787878,152,15.587,,250,500,0.1,4000,1.959963984540054,0.1|0.2|0.3|0.4|0.5|0.6|0.7|0.8|0.9|0.95|0.99,1,False,False
20260905T005453Z,mcd,10,extrapolation,200,0.8272818320000966,-4.792884102386881,0.115,1.0016102629451131,0.19482722075970335,0.5313636363636364,-0.5313636363636364,152,15.587,,250,500,0.1,4000,1.959963984540054,0.1|0.2|0.3|0.4|0.5|0.6|0.7|0.8|0.9|0.95|0.99,1,False,False
20260905T005453Z,mcd,10,overall,500,0.5373445250041753,-1.7245864959122221,0.644,0.9471693110734813,0.19482722075970335,0.14727272727272728,-0.14727272727272728,152,15.587,,250,500,0.1,4000,1.959963984540054,0.1|0.2|0.3|0.4|0.5|0.6|0.7|0.8|0.9|0.95|0.99,1,False,False
20260905T005453Z,ensemble,10,in_range,300,0.10271674203228498,0.8570069787883376,0.95,0.40674856061875325,0.10265014185473867,0.010909090909090915,-0.003030303030303036,760,69.29,,250,500,0.1,4000,1.959963984540054,0.1|0.2|0.3|0.4|0.5|0.6|0.7|0.8|0.9|0.95|0.99,1,False,False
20260905T005453Z,ensemble,10,extrapolation,200,0.3375373546898637,-2.971061791389934,0.645,0.42335450240988787,0.10265014185473868,0.21772727272727277,-0.21772727272727277,760,69.29,,250,500,0.1,4000,1.959963984540054,0.1|0.2|0.3|0.4|0.5|0.6|0.7|0.8|0.9|0.95|0.99,1,False,False
20260905T005453Z,ensemble,10,overall,500,0.2278223513631806,-0.6742205292829709,0.828,0.41339093733520715,0.10265014185473868,0.0889090909090909,-0.0889090909090909,760,69.29,,250,500,0.1,4000,1.959963984540054,0.1|0.2|0.3|0.4|0.5|0.6|0.7|0.8|0.9|0.95|0.99,1,False,False
20260905T005453Z,bbb,10,in_range,300,0.10446582177073813,0.8394376939428395,0.96,0.4187096528497548,0.10576491209185937,0.016969696969696964,0.004242424242424233,303,29.753,,250,500,0.1,4000,1.959963984540054,0.1|0.2|0.3|0.4|0.5|0.6|0.7|0.8|0.9|0.95|0.99,1,False,False
20260905T005453Z,bbb,10,extrapolation,200,0.18499627388965784,-0.14889244361606588,0.79,0.4249654894494661,0.10576491209185937,0.16636363636363632,-0.16636363636363632,303,29.753,,250,500,0.1,4000,1.959963984540054,0.1|0.2|0.3|0.4|0.5|0.6|0.7|0.8|0.9|0.95|0.99,1,False,False
20260905T005453Z,bbb,10,overall,500,0.14225791117601966,0.4441056389192774,0.892,0.42121198748963934,0.10576491209185937,0.064,-0.064,303,29.753,,250,500,0.1,4000,1.959963984540054,0.1|0.2|0.3|0.4|0.5|0.6|0.7|0.8|0.9|0.95|0.99,1,False,False
20260905T005453Z,laplace,10,in_range,300,0.10783192962235127,0.8087726068325691,0.94,0.4108427670234066,0.10311521700431611,0.010909090909090915,-0.010909090909090915,152,13.817,,250,500,0.1,4000,1.959963984540054,0.1|0.2|0.3|0.4|0.5|0.6|0.7|0.8|0.9|0.95|0.99,1,False,False
20260905T005453Z,laplace,10,extrapolation,200,0.32815112283065706,0.09492757728207792,0.95,0.9179779205326228,0.1031152170043161,0.030454545454545453,-0.02863636363636363,152,13.817,,250,500,0.1,4000,1.959963984540054,0.1|0.2|0.3|0.4|0.5|0.6|0.7|0.8|0.9|0.95|0.99,1,False,False
20260905T005453Z,laplace,10,overall,500,0.22371834702065954,0.5232345950123727,0.944,0.613696828427093,0.1031152170043161,0.018000000000000002,-0.018000000000000002,152,13.817,,250,500,0.1,4000,1.959963984540054,0.1|0.2|0.3|0.4|0.5|0.6|0.7|0.8|0.9|0.95|0.99,1,False,False
20260905T005453Z,gp,10,in_range,300,0.1008159465175073,0.8755020159723953,0.9566666666666667,0.4031218518950242,0.1013079435830138,0.019393939393939415,-0.0018181818181818173,3,1.066,,250,500,0.1,4000,1.959963984540054,0.1|0.2|0.3|0.4|0.5|0.6|0.7|0.8|0.9|0.95|0.99,1,False,False
20260905T005453Z,gp,10,extrapolation,200,0.245833354331579,0.05060452219639104,0.99,1.271384688576906,0.10130794358301382,0.07272727272727274,0.07272727272727274,3,1.066,,250,500,0.1,4000,1.959963984540054,0.1|0.2|0.3|0.4|0.5|0.6|0.7|0.8|0.9|0.95|0.99,1,False,False
20260905T005453Z,gp,10,overall,500,0.17398829927353968,0.5455430184619936,0.97,0.7504269865677771,0.10130794358301383,0.028,0.028,3,1.066,,250,500,0.1,4000,1.959963984540054,0.1|0.2|0.3|0.4|0.5|0.6|0.7|0.8|0.9|0.95|0.99,1,False,False
20260905T005453Z,map,11,in_range,300,0.10648952894757312,0.8188049379497299,0.94,0.39958856928485215,0.10193773264120051,0.023030303030303036,-0.012727272727272749,152,13.848,,250,500,0.1,4000,1.959963984540054,0.1|0.2|0.3|0.4|0.5|0.6|0.7|0.8|0.9|0.95|0.99,1,False,False
20260905T005453Z,map,11,extrapolation,200,0.24717546635072687,-1.5752980613401493,0.705,0.3995885692848521,0.10193773264120051,0.18954545454545454,-0.18954545454545454,152,13.848,,250,500,0.1,4000,1.959963984540054,0.1|0.2|0.3|0.4|0.5|0.6|0.7|0.8|0.9|0.95|0.99,1,False,False
20260905T005453Z,map,11,overall,500,0.1767549046888525,-0.13883626176622194,0.846,0.39958856928485204,0.10193773264120051,0.08345454545454545,-0.08345454545454545,152,13.848,,250,500,0.1,4000,1.959963984540054,0.1|0.2|0.3|0.4|0.5|0.6|0.7|0.8|0.9|0.95|0.99,1,False,False
20260905T005453Z,mcd,11,in_range,300,0.1449577025666222,0.335166379354658,0.9966666666666667,0.9418720702772896,0.1986573125717962,0.1496969696969697,0.1496969696969697,152,15.219,,250,500,0.1,4000,1.959963984540054,0.1|0.2|0.3|0.4|0.5|0.6|0.7|0.8|0.9|0.95|0.99,1,False,False
20260905T005453Z,mcd,11,extrapolation,200,0.852911050810358,-4.766690326438803,0.105,1.0327218368131377,0.1986573125717962,0.5381818181818182,-0.5381818181818182,152,15.219,,250,500,0.1,4000,1.959963984540054,0.1|0.2|0.3|0.4|0.5|0.6|0.7|0.8|0.9|0.95|0.99,1,False,False
20260905T005453Z,mcd,11,overall,500,0.5509905131286814,-1.7055763029627269,0.64,0.978211976891629,0.19865731257179617,0.12545454545454546,-0.12545454545454546,152,15.219,,250,500,0.1,4000,1.959963984540054,0.1|0.2|0.3|0.4|0.5|0.6|0.7|0.8|0.9|0.95|0.99,1,False,False
20260905T005453Z,ensemble,11,in_range,300,0.10640441312271375,0.8202169666171404,0.9466666666666667,0.4035464644690116,0.10198603257541898,0.023030303030303026,-0.009090909090909087,760,68.442,,250,500,0.1,4000,1.959963984540054,0.1|0.2|0.3|0.4|0.5|0.6|0.7|0.8|0.9|0.95|0.99,1,False,False
20260905T005453Z,ensemble,11,extrapolation,200,0.25731538290596634,-1.4173755393085186,0.695,0.4179849883010349,0.10198603257541898,0.1781818181818182,-0.1781818181818182,760,68.442,,250,500,0.1,4000,1.959963984540054,0.1|0.2|0.3|0.4|0.5|0.6|0.7|0.8|0.9|0.95|0.99,1,False,False
20260905T005453Z,ensemble,11,overall,500,0.1824215502379341,-0.07482003575312314,0.846,0.4093218740018209,0.10198603257541898,0.0770909090909091,-0.07672727272727274,760,68.442,,250,500,0.1,4000,1.959963984540054,0.1|0.2|0.3|0.4|0.5|0.6|0.7|0.8|0.9|0.95|0.99,1,False,False
20260905T005453Z,bbb,11,in_range,300,0.10940295184465501,0.7911581374718855,0.9433333333333334,0.4077452271221187,0.1032235368635932,0.022424242424242413,-0.021818181818181803,303,27.974,,250,500,0.1,4000,1.959963984540054,0.1|0.2|0.3|0.4|0.5|0.6|0.7|0.8|0.9|0.95|0.99,1,False,False
20260905T005453Z,bbb,11,extrapolation,200,0.21707208685652182,-0.806660050082034,0.555,0.41102032269337885,0.1032235368635932,0.28863636363636364,-0.28863636363636364,303,27.974,,250,500,0.1,4000,1.959963984540054,0.1|0.2|0.3|0.4|0.5|0.6|0.7|0.8|0.9|0.95|0.99,1,False,False
20260905T005453Z,bbb,11,overall,500,0.16133666626124538,0.15203086245031772,0.788,0.4090552653506228,0.10322353686359319,0.12854545454545455,-0.12854545454545455,303,27.974,,250,500,0.1,4000,1.959963984540054,0.1|0.2|0.3|0.4|0.5|0.6|0.7|0.8|0.9|0.95|0.99,1,False,False
20260905T005453Z,laplace,11,in_range,300,0.10648952894757312,0.8206564108163952,0.95,0.4061381347340179,0.10193773264120051,0.019999999999999987,-0.007272727272727281,152,13.649,,250,500,0.1,4000,1.959963984540054,0.1|0.2|0.3|0.4|0.5|0.6|0.7|0.8|0.9|0.95|0.99,1,False,False
20260905T005453Z,laplace,11,extrapolation,200,0.24717546635072687,0.23882693284163678,0.965,0.8882295328827339,0.10193773264120051,0.02318181818181818,0.020454545454545447,152,13.649,,250,500,0.1,4000,1.959963984540054,0.1|0.2|0.3|0.4|0.5|0.6|0.7|0.8|0.9|0.95|0.99,1,False,False
20260905T005453Z,laplace,11,overall,500,0.1767549046888525,0.5879246196264919,0.956,0.5989746939935042,0.10193773264120051,0.013272727272727268,0.0038181818181818243,152,13.649,,250,500,0.1,4000,1.959963984540054,0.1|0.2|0.3|0.4|0.5|0.6|0.7|0.8|0.9|0.95|0.99,1,False,False
20260905T005453Z,gp,11,in_range,300,0.10717920299295002,0.8136090060018397,0.9433333333333334,0.4027100216582606,0.10120471801293644,0.025151515151515147,-0.011818181818181818,3,0.92,,250,500,0.1,4000,1.959963984540054,0.1|0.2|0.3|0.4|0.5|0.6|0.7|0.8|0.9|0.95|0.99,1,False,False
20260905T005453Z,gp,11,extrapolation,200,0.5032081691186931,-0.6968858511726559,0.835,1.2177941432969777,0.10120471801293643,0.23136363636363635,-0.23136363636363635,3,0.92,,250,500,0.1,4000,1.959963984540054,0.1|0.2|0.3|0.4|0.5|0.6|0.7|0.8|0.9|0.95|0.99,1,False,False
20260905T005453Z,gp,11,overall,500,0.328906998283158,0.20941106313204144,0.9,0.7287436703137473,0.10120471801293644,0.09999999999999999,-0.09963636363636362,3,0.92,,250,500,0.1,4000,1.959963984540054,0.1|0.2|0.3|0.4|0.5|0.6|0.7|0.8|0.9|0.95|0.99,1,False,False
20260905T005453Z,map,12,in_range,300,0.10058243591132643,0.8778374245347759,0.9333333333333333,0.39376660843417927,0.10045251125534961,0.023939393939393948,0.01848484848484849,152,13.274,,250,500,0.1,4000,1.959963984540054,0.1|0.2|0.3|0.4|0.5|0.6|0.7|0.8|0.9|0.95|0.99,1,False,False
20260905T005453Z,map,12,extrapolation,200,0.29072879285948955,-2.8090402369905223,0.64,0.3937666084341793,0.10045251125534961,0.22954545454545458,-0.22954545454545458,152,13.274,,250,500,0.1,4000,1.959963984540054,0.1|0.2|0.3|0.4|0.5|0.6|0.7|0.8|0.9|0.95|0.99,1,False,False
20260905T005453Z,map,12,overall,500,0.1996982429750649,-0.5969136400753436,0.816,0.39376660843417927,0.10045251125534961,0.08072727272727273,-0.08072727272727273,152,13.274,,250,500,0.1,4000,1.959963984540054,0.1|0.2|0.3|0.4|0.5|0.6|0.7|0.8|0.9|0.95|0.99,1,False,False
20260905T005453Z,mcd,12,in_range,300,0.15096927599325968,0.2992866359409168,1.0,0.9694758499091658,0.20559138906679403,0.14212121212121212,0.14212121212121212,152,14.981,,250,500,0.1,4000,1.959963984540054,0.1|0.2|0.3|0.4|0.5|0.6|0.7|0.8|0.9|0.95|0.99,1,False,False
20260905T005453Z,mcd,12,extrapolation,200,0.8064963120292123,-4.098913090250711,0.185,1.0538769943507638,0.20559138906679403,0.514090909090909,-0.514090909090909,152,14.981,,250,500,0.1,4000,1.959963984540054,0.1|0.2|0.3|0.4|0.5|0.6|0.7|0.8|0.9|0.95|0.99,1,False,False
20260905T005453Z,mcd,12,overall,500,0.5233063671531676,-1.4599932545357344,0.674,1.003236307685805,0.205591389066794,0.12036363636363635,-0.12036363636363635,152,14.981,,250,500,0.1,4000,1.959963984540054,0.1|0.2|0.3|0.4|0.5|0.6|0.7|0.8|0.9|0.95|0.99,1,False,False
20260905T005453Z,ensemble,12,in_range,300,0.09965510491271264,0.8849211253625575,0.9533333333333334,0.4121151487002026,0.10202044248925597,0.028787878787878796,0.028787878787878796,760,72.135,,250,500,0.1,4000,1.959963984540054,0.1|0.2|0.3|0.4|0.5|0.6|0.7|0.8|0.9|0.95|0.99,1,False,False
20260905T005453Z,ensemble,12,extrapolation,200,0.326195408617623,-3.1392165664701253,0.665,0.43420560023344407,0.10202044248925597,0.20272727272727273,-0.20272727272727273,760,72.135,,250,500,0.1,4000,1.959963984540054,0.1|0.2|0.3|0.4|0.5|0.6|0.7|0.8|0.9|0.95|0.99,1,False,False
20260905T005453Z,ensemble,12,overall,500,0.22027269872225533,-0.7247339513705154,0.838,0.42095132931349916,0.10202044248925599,0.06381818181818183,-0.06381818181818183,760,72.135,,250,500,0.1,4000,1.959963984540054,0.1|0.2|0.3|0.4|0.5|0.6|0.7|0.8|0.9|0.95|0.99,1,False,False
20260905T005453Z,bbb,12,in_range,300,0.09986398512116011,0.8837816194697655,0.9466666666666667,0.40534271369670594,0.10272906302927326,0.024242424242424253,0.023030303030303033,303,31.309,,250,500,0.1,4000,1.959963984540054,0.1|0.2|0.3|0.4|0.5|0.6|0.7|0.8|0.9|0.95|0.99,1,False,False
20260905T005453Z,bbb,12,extrapolation,200,0.23664357101297265,-1.2350395422906582,0.545,0.40793534476650267,0.10272906302927326,0.31590909090909086,-0.31590909090909086,303,31.309,,250,500,0.1,4000,1.959963984540054,0.1|0.2|0.3|0.4|0.5|0.6|0.7|0.8|0.9|0.95|0.99,1,False,False
20260905T005453Z,bbb,12,overall,500,0.16847480878539764,0.03625315476559607,0.786,0.4063797661246247,0.10272906302927325,0.11254545454545455,-0.11254545454545455,303,31.309,,250,500,0.1,4000,1.959963984540054,0.1|0.2|0.3|0.4|0.5|0.6|0.7|0.8|0.9|0.95|0.99,1,False,False
20260905T005453Z,laplace,12,in_range,300,0.10058243591132643,0.8773608503498803,0.94,0.4000166573977189,0.10045251125534961,0.025757575757575767,0.021515151515151508,152,13.94,,250,500,0.1,4000,1.959963984540054,0.1|0.2|0.3|0.4|0.5|0.6|0.7|0.8|0.9|0.95|0.99,1,False,False
20260905T005453Z,laplace,12,extrapolation,200,0.29072879285948955,0.17831356085907754,0.975,0.9161646640287191,0.10045251125534961,0.024090909090909104,-0.014090909090909093,152,13.94,,250,500,0.1,4000,1.959963984540054,0.1|0.2|0.3|0.4|0.5|0.6|0.7|0.8|0.9|0.95|0.99,1,False,False
20260905T005453Z,laplace,12,overall,500,0.1996982429750649,0.5977419345535592,0.954,0.606475860050119,0.10045251125534961,0.010181818181818186,0.0072727272727272745,152,13.94,,250,500,0.1,4000,1.959963984540054,0.1|0.2|0.3|0.4|0.5|0.6|0.7|0.8|0.9|0.95|0.99,1,False,False
20260905T005453Z,gp,12,in_range,300,0.09922513279027463,0.890399472170446,0.94,0.39946215375850724,0.1005328888444716,0.024242424242424253,0.020000000000000007,3,1.396,,250,500,0.1,4000,1.959963984540054,0.1|0.2|0.3|0.4|0.5|0.6|0.7|0.8|0.9|0.95|0.99,1,False,False
20260905T005453Z,gp,12,extrapolation,200,0.3606478258161705,-0.19225109219991285,0.94,1.1289736109311372,0.1005328888444716,0.06727272727272728,-0.06636363636363636,3,1.396,,250,500,0.1,4000,1.959963984540054,0.1|0.2|0.3|0.4|0.5|0.6|0.7|0.8|0.9|0.95|0.99,1,False,False
20260905T005453Z,gp,12,overall,500,0.24069507243132526,0.4573392464223026,0.94,0.6912667366275591,0.1005328888444716,0.01963636363636364,-0.014545454545454554,3,1.396,,250,500,0.1,4000,1.959963984540054,0.1|0.2|0.3|0.4|0.5|0.6|0.7|0.8|0.9|0.95|0.99,1,False,False
20260905T005453Z,map,13,in_range,300,0.09483637947272704,0.9316658902888286,0.96,0.39966520123848115,0.10195728196818644,0.03727272727272726,0.03727272727272726,152,13.411,,250,500,0.1,4000,1.959963984540054,0.1|0.2|0.3|0.4|0.5|0.6|0.7|0.8|0.9|0.95|0.99,1,False,False
20260905T005453Z,map,13,extrapolation,200,0.41081761821913715,-6.753411551269351,0.535,0.399665201238481,0.10195728196818644,0.3054545454545454,-0.3054545454545454,152,13.411,,250,500,0.1,4000,1.959963984540054,0.1|0.2|0.3|0.4|0.5|0.6|0.7|0.8|0.9|0.95|0.99,1,False,False
20260905T005453Z,map,13,overall,500,0.27000890633198554,-2.142365086334443,0.79,0.399665201238481,0.10195728196818644,0.0998181818181818,-0.0998181818181818,152,13.411,,250,500,0.1,4000,1.959963984540054,0.1|0.2|0.3|0.4|0.5|0.6|0.7|0.8|0.9|0.95|0.99,1,False,False
20260905T005453Z,mcd,13,in_range,300,0.14926773441688057,0.29594850228686087,0.9966666666666667,0.9869147720046021,0.2067755069350106,0.1587878787878788,0.1587878787878788,152,14.803,,250,500,0.1,4000,1.959963984540054,0.1|0.2|0.3|0.4|0.5|0.6|0.7|0.8|0.9|0.95|0.99,1,False,False
20260905T005453Z,mcd,13,extrapolation,200,0.8931394341129326,-4.848971802855616,0.115,1.083655900842072,0.2067755069350106,0.5359090909090909,-0.5359090909090909,152,14.803,,250,500,0.1,4000,1.959963984540054,0.1|0.2|0.3|0.4|0.5|0.6|0.7|0.8|0.9|0.95|0.99,1,False,False
20260905T005453Z,mcd,13,overall,500,0.5765828070882766,-1.7620196197701303,0.644,1.0256112235395902,0.2067755069350106,0.12272727272727274,-0.1190909090909091,152,14.803,,250,500,0.1,4000,1.959963984540054,0.1|0.2|0.3|0.4|0.5|0.6|0.7|0.8|0.9|0.95|0.99,1,False,False
20260905T005453Z,ensemble,13,in_range,300,0.09481538345710612,0.9284237774370551,0.9633333333333334,0.4086581537605264,0.10317421809957061,0.040303030303030306,0.040303030303030306,760,62.023,,250,500,0.1,4000,1.959963984540054,0.1|0.2|0.3|0.4|0.5|0.6|0.7|0.8|0.9|0.95|0.99,1,False,False
20260905T005453Z,ensemble,13,extrapolation,200,0.3605613857041739,-1.3662984794293374,0.685,0.5125737901652102,0.10317421809957061,0.205,-0.205,760,62.023,,250,500,0.1,4000,1.959963984540054,0.1|0.2|0.3|0.4|0.5|0.6|0.7|0.8|0.9|0.95|0.99,1,False,False
20260905T005453Z,ensemble,13,overall,500,0.2395741624391839,0.010534874690498044,0.852,0.4502244083223999,0.10317421809957063,0.06145454545454545,-0.05781818181818182,760,62.023,,250,500,0.1,4000,1.959963984540054,0.1|0.2|0.3|0.4|0.5|0.6|0.7|0.8|0.9|0.95|0.99,1,False,False
20260905T005453Z,bbb,13,in_range,300,0.09558704417475374,0.9218431637833991,0.9666666666666667,0.40831759021955366,0.10313014897085333,0.03787878787878789,0.03787878787878789,303,25.925,,250,500,0.1,4000,1.959963984540054,0.1|0.2|0.3|0.4|0.5|0.6|0.7|0.8|0.9|0.95|0.99,1,False,False
20260905T005453Z,bbb,13,extrapolation,200,0.2267730096733078,-0.9678679273009141,0.62,0.41398612946276214,0.10313014897085332,0.24636363636363637,-0.24636363636363637,303,25.925,,250,500,0.1,4000,1.959963984540054,0.1|0.2|0.3|0.4|0.5|0.6|0.7|0.8|0.9|0.95|0.99,1,False,False
20260905T005453Z,bbb,13,overall,500,0.16140795821444448,0.16595872734967393,0.828,0.4105850059168371,0.10313014897085332,0.0758181818181818,-0.0758181818181818,303,25.925,,250,500,0.1,4000,1.959963984540054,0.1|0.2|0.3|0.4|0.5|0.6|0.7|0.8|0.9|0.95|0.99,1,False,False
20260905T005453Z,laplace,13,in_range,300,0.09483637947272704,0.929610804885826,0.9633333333333334,0.40609912275246673,0.10195728196818644,0.041212121212121214,0.041212121212121214,152,13.945,,250,500,0.1,4000,1.959963984540054,0.1|0.2|0.3|0.4|0.5|0.6|0.7|0.8|0.9|0.95|0.99,1,False,False
20260905T005453Z,laplace,13,extrapolation,200,0.41081761821913715,-0.015631955987705268,0.985,1.088605415234599,0.10195728196818644,0.08363636363636363,-0.06818181818181819,152,13.945,,250,500,0.1,4000,1.959963984540054,0.1|0.2|0.3|0.4|0.5|0.6|0.7|0.8|0.9|0.95|0.99,1,False,False
20260905T005453Z,laplace,13,overall,500,0.27000890633198554,0.5515137005364135,0.972,0.6791016397453196,0.10195728196818644,0.014909090909090912,-0.0025454545454545387,152,13.945,,250,500,0.1,4000,1.959963984540054,0.1|0.2|0.3|0.4|0.5|0.6|0.7|0.8|0.9|0.95|0.99,1,False,False
20260905T005453Z,gp,13,in_range,300,0.09466637492541798,0.9312770253133904,0.96,0.40553051522214806,0.10223649699124798,0.03545454545454545,0.03545454545454545,3,1.157,,250,500,0.1,4000,1.959963984540054,0.1|0.2|0.3|0.4|0.5|0.6|0.7|0.8|0.9|0.95|0.99,1,False,False
20260905T005453Z,gp,13,extrapolation,200,0.35237200872371016,-0.023419899625346085,0.975,1.0992137225328957,0.10223649699124797,0.07863636363636363,-0.0659090909090909,3,1.157,,250,500,0.1,4000,1.959963984540054,0.1|0.2|0.3|0.4|0.5|0.6|0.7|0.8|0.9|0.95|0.99,1,False,False
20260905T005453Z,gp,13,overall,500,0.2346133980353741,0.5493982553378958,0.966,0.6830037981464473,0.10223649699124797,0.01890909090909092,-0.005090909090909091,3,1.157,,250,500,0.1,4000,1.959963984540054,0.1|0.2|0.3|0.4|0.5|0.6|0.7|0.8|0.9|0.95|0.99,1,False,False
20260905T005453Z,map,14,in_range,300,0.10476168332089335,0.8295828487398643,0.92,0.37741253855020457,0.09628047799020455,0.023939393939393937,-0.023939393939393937,152,13.233,,250,500,0.1,4000,1.959963984540054,0.1|0.2|0.3|0.4|0.5|0.6|0.7|0.8|0.9|0.95|0.99,1,False,False
20260905T005453Z,map,14,extrapolation,200,0.43187352857553407,-8.638650785263595,0.495,0.3774125385502046,0.09628047799020455,0.2840909090909091,-0.2840909090909091,152,13.233,,250,500,0.1,4000,1.959963984540054,0.1|0.2|0.3|0.4|0.5|0.6|0.7|0.8|0.9|0.95|0.99,1,False,False
20260905T005453Z,map,14,overall,500,0.28494017626345597,-2.9577106048615196,0.75,0.3774125385502047,0.09628047799020456,0.12799999999999997,-0.12799999999999997,152,13.233,,250,500,0.1,4000,1.959963984540054,0.1|0.2|0.3|0.4|0.5|0.6|0.7|0.8|0.9|0.95|0.99,1,False,False
20260905T005453Z,mcd,14,in_range,300,0.16074556755918631,0.2741481908376046,1.0,0.9773102366665232,0.20832877652465223,0.12696969696969698,0.12696969696969698,152,14.96,,250,500,0.1,4000,1.959963984540054,0.1|0.2|0.3|0.4|0.5|0.6|0.7|0.8|0.9|0.95|0.99,1,False,False
20260905T005453Z,mcd,14,extrapolation,200,0.7577768600720844,-3.4831454408002007,0.235,1.067703588147981,0.20832877652465226,0.4968181818181818,-0.4968181818181818,152,14.96,,250,500,0.1,4000,1.959963984540054,0.1|0.2|0.3|0.4|0.5|0.6|0.7|0.8|0.9|0.95|0.99,1,False,False
20260905T005453Z,mcd,14,overall,500,0.49517046595918646,-1.2287692618175174,0.694,1.0134675772591064,0.20832877652465226,0.12327272727272726,-0.12254545454545453,152,14.96,,250,500,0.1,4000,1.959963984540054,0.1|0.2|0.3|0.4|0.5|0.6|0.7|0.8|0.9|0.95|0.99,1,False,False
20260905T005453Z,ensemble,14,in_range,300,0.10688140792473418,0.8145339952021303,0.94,0.3952124077517525,0.09709332978334037,0.021212121212121217,-0.021212121212121217,760,68.511,,250,500,0.1,4000,1.959963984540054,0.1|0.2|0.3|0.4|0.5|0.6|0.7|0.8|0.9|0.95|0.99,1,False,False
20260905T005453Z,ensemble,14,extrapolation,200,0.4491686708846317,-5.300220778201138,0.505,0.44581789553263024,0.09709332978334037,0.2722727272727273,-0.2722727272727273,760,68.511,,250,500,0.1,4000,1.959963984540054,0.1|0.2|0.3|0.4|0.5|0.6|0.7|0.8|0.9|0.95|0.99,1,False,False
20260905T005453Z,ensemble,14,overall,500,0.2958972442887745,-1.6313679141591768,0.766,0.41545460286410363,0.09709332978334036,0.1216363636363636,-0.1216363636363636,760,68.511,,250,500,0.1,4000,1.959963984540054,0.1|0.2|0.3|0.4|0.5|0.6|0.7|0.8|0.9|0.95|0.99,1,False,False
20260905T005453Z,bbb,14,in_range,300,0.10469724819786715,0.8363368467465453,0.9466666666666667,0.39413078819173336,0.09956773972149544,0.011818181818181816,-0.010606060606060607,303,28.751,,250,500,0.1,4000,1.959963984540054,0.1|0.2|0.3|0.4|0.5|0.6|0.7|0.8|0.9|0.95|0.99,1,False,False
20260905T005453Z,bbb,14,extrapolation,200,0.21138542817741873,-0.7779639670823877,0.73,0.398881175355927,0.09956773972149544,0.16090909090909092,-0.16090909090909092,303,28.751,,250,500,0.1,4000,1.959963984540054,0.1|0.2|0.3|0.4|0.5|0.6|0.7|0.8|0.9|0.95|0.99,1,False,False
20260905T005453Z,bbb,14,overall,500,0.15636632619085142,0.19061652121497208,0.86,0.3960309430574108,0.09956773972149546,0.07072727272727272,-0.07072727272727272,303,28.751,,250,500,0.1,4000,1.959963984540054,0.1|0.2|0.3|0.4|0.5|0.6|0.7|0.8|0.9|0.95|0.99,1,False,False
20260905T005453Z,laplace,14,in_range,300,0.10476168332089335,0.8320952412252676,0.93,0.3830730706126115,0.09628047799020455,0.019393939393939387,-0.019393939393939387,152,13.783,,250,500,0.1,4000,1.959963984540054,0.1|0.2|0.3|0.4|0.5|0.6|0.7|0.8|0.9|0.95|0.99,1,False,False
20260905T005453Z,laplace,14,extrapolation,200,0.43187352857553407,-0.1139171076738137,0.94,0.9618381128782489,0.09628047799020455,0.09909090909090908,-0.09818181818181815,152,13.783,,250,500,0.1,4000,1.959963984540054,0.1|0.2|0.3|0.4|0.5|0.6|0.7|0.8|0.9|0.95|0.99,1,False,False
20260905T005453Z,laplace,14,overall,500,0.28494017626345597,0.45369030166563507,0.934,0.6145790875188665,0.09628047799020456,0.05090909090909091,-0.05090909090909091,152,13.783,,250,500,0.1,4000,1.959963984540054,0.1|0.2|0.3|0.4|0.5|0.6|0.7|0.8|0.9|0.95|0.99,1,False,False
20260905T005453Z,gp,14,in_range,300,0.10498214054387126,0.8263044159217178,0.9166666666666666,0.3764933762254547,0.09497032185636482,0.026969696969696966,-0.026969696969696966,3,1.267,,250,500,0.1,4000,1.959963984540054,0.1|0.2|0.3|0.4|0.5|0.6|0.7|0.8|0.9|0.95|0.99,1,False,False
20260905T005453Z,gp,14,extrapolation,200,0.5649525309538537,-0.7186952325509404,0.735,1.0377245720361654,0.09497032185636482,0.2509090909090909,-0.2509090909090909,3,1.267,,250,500,0.1,4000,1.959963984540054,0.1|0.2|0.3|0.4|0.5|0.6|0.7|0.8|0.9|0.95|0.99,1,False,False
20260905T005453Z,gp,14,overall,500,0.36644412233295526,0.2083045565326545,0.844,0.640985854549739,0.09497032185636482,0.11654545454545455,-0.11654545454545455,3,1.267,,250,500,0.1,4000,1.959963984540054,0.1|0.2|0.3|0.4|0.5|0.6|0.7|0.8|0.9|0.95|0.99,1,False,False
20260905T005453Z,map,15,in_range,300,0.09388197913227554,0.9465367740855345,0.96,0.37380473083821547,0.09536010196787786,0.01242424242424242,-0.003939393939393943,152,13.478,,250,500,0.1,4000,1.959963984540054,0.1|0.2|0.3|0.4|0.5|0.6|0.7|0.8|0.9|0.95|0.99,1,False,False
20260905T005453Z,map,15,extrapolation,200,0.33307291597408606,-4.6686383802036096,0.6,0.3738047308382154,0.09536010196787786,0.23045454545454544,-0.23045454545454544,152,13.478,,250,500,0.1,4000,1.959963984540054,0.1|0.2|0.3|0.4|0.5|0.6|0.7|0.8|0.9|0.95|0.99,1,False,False
20260905T005453Z,map,15,overall,500,0.22285269248018533,-1.2995332876301233,0.816,0.3738047308382155,0.09536010196787786,0.09454545454545454,-0.09454545454545454,152,13.478,,250,500,0.1,4000,1.959963984540054,0.1|0.2|0.3|0.4|0.5|0.6|0.7|0.8|0.9|0.95|0.99,1,False,False
20260905T005453Z,mcd,15,in_range,300,0.158969143070131,0.2700712080575981,1.0,0.997480026621659,0.20944776346706506,0.15000000000000002,0.15000000000000002,152,15.506,,250,500,0.1,4000,1.959963984540054,0.1|0.2|0.3|0.4|0.5|0.6|0.7|0.8|0.9|0.95|0.99,1,False,False
20260905T005453Z,mcd,15,extrapolation,200,0.9027187885698781,-4.896003361836669,0.11,1.0914242115520703,0.20944776346706506,0.5409090909090909,-0.5409090909090909,152,15.506,,250,500,0.1,4000,1.959963984540054,0.1|0.2|0.3|0.4|0.5|0.6|0.7|0.8|0.9|0.95|0.99,1,False,False
20260905T005453Z,mcd,15,overall,500,0.58405752932729,-1.7963586199001087,0.644,1.0350577005938235,0.20944776346706506,0.12963636363636363,-0.12636363636363634,152,15.506,,250,500,0.1,4000,1.959963984540054,0.1|0.2|0.3|0.4|0.5|0.6|0.7|0.8|0.9|0.95|0.99,1,False,False
20260905T005453Z,ensemble,15,in_range,300,0.09435522938480671,0.9404169306118486,0.96,0.38452010058812663,0.0960724094792357,0.014848484848484838,0.0009090909090909049,760,68.714,,250,500,0.1,4000,1.959963984540054,0.1|0.2|0.3|0.4|0.5|0.6|0.7|0.8|0.9|0.95|0.99,1,False,False
20260905T005453Z,ensemble,15,extrapolation,200,0.381136335610482,-5.368124925027956,0.55,0.3997712905491514,0.0960724094792357,0.26454545454545453,-0.26454545454545453,760,68.714,,250,500,0.1,4000,1.959963984540054,0.1|0.2|0.3|0.4|0.5|0.6|0.7|0.8|0.9|0.95|0.99,1,False,False
20260905T005453Z,ensemble,15,overall,500,0.25188828499235544,-1.5829998116440733,0.796,0.3906205765725365,0.09607240947923569,0.10527272727272727,-0.10527272727272727,760,68.714,,250,500,0.1,4000,1.959963984540054,0.1|0.2|0.3|0.4|0.5|0.6|0.7|0.8|0.9|0.95|0.99,1,False,False
20260905T005453Z,bbb,15,in_range,300,0.09387014551829671,0.9399751678409749,0.97,0.40164338324794874,0.10163453568505133,0.026060606060606062,0.021818181818181823,303,28.71,,250,500,0.1,4000,1.959963984540054,0.1|0.2|0.3|0.4|0.5|0.6|0.7|0.8|0.9|0.95|0.99,1,False,False
20260905T005453Z,bbb,15,extrapolation,200,0.177676774549618,-0.12353102565372648,0.765,0.4055880836813976,0.10163453568505133,0.2095454545454545,-0.2095454545454545,303,28.71,,250,500,0.1,4000,1.959963984540054,0.1|0.2|0.3|0.4|0.5|0.6|0.7|0.8|0.9|0.95|0.99,1,False,False
20260905T005453Z,bbb,15,overall,500,0.13384534738838713,0.5145726904430944,0.888,0.40322126342132836,0.10163453568505132,0.07072727272727274,-0.07072727272727274,303,28.71,,250,500,0.1,4000,1.959963984540054,0.1|0.2|0.3|0.4|0.5|0.6|0.7|0.8|0.9|0.95|0.99,1,False,False
20260905T005453Z,laplace,15,in_range,300,0.09388197913227554,0.9457176150647596,0.96,0.3797139914542328,0.09536010196787786,0.012121212121212123,0.0012121212121212136,152,14.115,,250,500,0.1,4000,1.959963984540054,0.1|0.2|0.3|0.4|0.5|0.6|0.7|0.8|0.9|0.95|0.99,1,False,False
20260905T005453Z,laplace,15,extrapolation,200,0.33307291597408606,0.11169952502301199,0.935,0.8429808242931469,0.09536010196787786,0.04681818181818181,-0.04499999999999999,152,14.115,,250,500,0.1,4000,1.959963984540054,0.1|0.2|0.3|0.4|0.5|0.6|0.7|0.8|0.9|0.95|0.99,1,False,False
20260905T005453Z,laplace,15,overall,500,0.22285269248018533,0.6121103790480606,0.95,0.5650207245897985,0.09536010196787786,0.019090909090909092,-0.017272727272727273,152,14.115,,250,500,0.1,4000,1.959963984540054,0.1|0.2|0.3|0.4|0.5|0.6|0.7|0.8|0.9|0.95|0.99,1,False,False
20260905T005453Z,gp,15,in_range,300,0.09408574937435742,0.9444409247838227,0.9566666666666667,0.37568071605509346,0.09456251726159647,0.00757575757575758,-0.0015151515151515212,3,1.25,,250,500,0.1,4000,1.959963984540054,0.1|0.2|0.3|0.4|0.5|0.6|0.7|0.8|0.9|0.95|0.99,1,False,False
20260905T005453Z,gp,15,extrapolation,200,0.2504488254050879,0.1661577273211312,0.98,1.1434161519308825,0.09456251726159647,0.08272727272727273,0.08272727272727273,3,1.25,,250,500,0.1,4000,1.959963984540054,0.1|0.2|0.3|0.4|0.5|0.6|0.7|0.8|0.9|0.95|0.99,1,False,False
20260905T005453Z,gp,15,overall,500,0.17435917698795184,0.6331276457987461,0.966,0.682774890405409,0.09456251726159647,0.032181818181818186,0.032181818181818186,3,1.25,,250,500,0.1,4000,1.959963984540054,0.1|0.2|0.3|0.4|0.5|0.6|0.7|0.8|0.9|0.95|0.99,1,False,False
20260905T005453Z,map,16,in_range,300,0.10622225123966543,0.815204175484162,0.9266666666666666,0.3815866894865417,0.09734533197968147,0.022727272727272714,-0.022727272727272714,152,13.444,,250,500,0.1,4000,1.959963984540054,0.1|0.2|0.3|0.4|0.5|0.6|0.7|0.8|0.9|0.95|0.99,1,False,False
20260905T005453Z,map,16,extrapolation,200,0.3639971431933205,-5.580389944957203,0.58,0.3815866894865417,0.09734533197968147,0.2531818181818182,-0.2531818181818182,152,13.444,,250,500,0.1,4000,1.959963984540054,0.1|0.2|0.3|0.4|0.5|0.6|0.7|0.8|0.9|0.95|0.99,1,False,False
20260905T005453Z,map,16,overall,500,0.24447385974008148,-1.7430334726923846,0.788,0.3815866894865418,0.09734533197968148,0.11490909090909089,-0.11490909090909089,152,13.444,,250,500,0.1,4000,1.959963984540054,0.1|0.2|0.3|0.4|0.5|0.6|0.7|0.8|0.9|0.95|0.99,1,False,False
20260905T005453Z,mcd,16,in_range,300,0.15069586959259187,0.3326143276700881,0.9966666666666667,0.9214768869022121,0.19491345714494937,0.14,0.14,152,14.843,,250,500,0.1,4000,1.959963984540054,0.1|0.2|0.3|0.4|0.5|0.6|0.7|0.8|0.9|0.95|0.99,1,False,False
20260905T005453Z,mcd,16,extrapolation,200,0.7980329359958772,-4.263759728644505,0.155,1.0169351631748222,0.19491345714494937,0.525,-0.525,152,14.843,,250,500,0.1,4000,1.959963984540054,0.1|0.2|0.3|0.4|0.5|0.6|0.7|0.8|0.9|0.95|0.99,1,False,False
20260905T005453Z,mcd,16,overall,500,0.5180426370879528,-1.5059352948557496,0.66,0.9596601974112562,0.19491345714494937,0.1289090909090909,-0.126,152,14.843,,250,500,0.1,4000,1.959963984540054,0.1|0.2|0.3|0.4|0.5|0.6|0.7|0.8|0.9|0.95|0.99,1,False,False
20260905T005453Z,ensemble,16,in_range,300,0.1011511119983831,0.8689756701570913,0.9333333333333333,0.3771439865554767,0.09531947983421797,0.011818181818181818,-0.011212121212121213,760,64.115,,250,500,0.1,4000,1.959963984540054,0.1|0.2|0.3|0.4|0.5|0.6|0.7|0.8|0.9|0.95|0.99,1,False,False
20260905T005453Z,ensemble,16,extrapolation,200,0.3333672169722661,-4.3729623745282495,0.605,0.3800480407074299,0.09531947983421797,0.2381818181818182,-0.2381818181818182,760,64.115,,250,500,0.1,4000,1.959963984540054,0.1|0.2|0.3|0.4|0.5|0.6|0.7|0.8|0.9|0.95|0.99,1,False,False
20260905T005453Z,ensemble,16,overall,500,0.22492756393078916,-1.2277995477170456,0.802,0.378305608216258,0.09531947983421797,0.102,-0.102,760,64.115,,250,500,0.1,4000,1.959963984540054,0.1|0.2|0.3|0.4|0.5|0.6|0.7|0.8|0.9|0.95|0.99,1,False,False
20260905T005453Z,bbb,16,in_range,300,0.10667169487838511,0.8149176335729209,0.93,0.39216914642793643,0.09941012762359575,0.021212121212121206,-0.021212121212121206,303,26.988,,250,500,0.1,4000,1.959963984540054,0.1|0.2|0.3|0.4|0.5|0.6|0.7|0.8|0.9|0.95|0.99,1,False,False
20260905T005453Z,bbb,16,extrapolation,200,0.14831140247711794,0.29298271184819863,0.825,0.39451786129746447,0.09941012762359575,0.09681818181818182,-0.09681818181818182,303,26.988,,250,500,0.1,4000,1.959963984540054,0.1|0.2|0.3|0.4|0.5|0.6|0.7|0.8|0.9|0.95|0.99,1,False,False
20260905T005453Z,bbb,16,overall,500,0.12500327649637125,0.606143664883032,0.888,0.39310863237574767,0.09941012762359573,0.05145454545454546,-0.05145454545454546,303,26.988,,250,500,0.1,4000,1.959963984540054,0.1|0.2|0.3|0.4|0.5|0.6|0.7|0.8|0.9|0.95|0.99,1,False,False
20260905T005453Z,laplace,16,in_range,300,0.10622225123966543,0.8181644423079534,0.9266666666666666,0.3874268908986906,0.09734533197968147,0.017878787878787862,-0.017878787878787862,152,13.537,,250,500,0.1,4000,1.959963984540054,0.1|0.2|0.3|0.4|0.5|0.6|0.7|0.8|0.9|0.95|0.99,1,False,False
20260905T005453Z,laplace,16,extrapolation,200,0.3639971431933205,-0.016898965004034316,0.89,0.8132492938066086,0.09734533197968147,0.08818181818181817,-0.08818181818181817,152,13.537,,250,500,0.1,4000,1.959963984540054,0.1|0.2|0.3|0.4|0.5|0.6|0.7|0.8|0.9|0.95|0.99,1,False,False
20260905T005453Z,laplace,16,overall,500,0.24447385974008148,0.48413907938315826,0.912,0.557755852061858,0.09734533197968148,0.046,-0.046,152,13.537,,250,500,0.1,4000,1.959963984540054,0.1|0.2|0.3|0.4|0.5|0.6|0.7|0.8|0.9|0.95|0.99,1,False,False
20260905T005453Z,gp,16,in_range,300,0.10131920008455483,0.86801173870798,0.9333333333333333,0.37583213257945774,0.09469992927902504,0.01363636363636364,-0.012424242424242438,3,1.298,,250,500,0.1,4000,1.959963984540054,0.1|0.2|0.3|0.4|0.5|0.6|0.7|0.8|0.9|0.95|0.99,1,False,False
20260905T005453Z,gp,16,extrapolation,200,0.2750703770046101,0.0786729130446213,0.985,1.105176605354018,0.09469992927902504,0.025454545454545462,-0.0054545454545454645,3,1.298,,250,500,0.1,4000,1.959963984540054,0.1|0.2|0.3|0.4|0.5|0.6|0.7|0.8|0.9|0.95|0.99,1,False,False
20260905T005453Z,gp,16,overall,500,0.19085290960749793,0.5522762084426365,0.954,0.6675699216892818,0.09469992927902504,0.013636363636363634,-0.00963636363636363,3,1.298,,250,500,0.1,4000,1.959963984540054,0.1|0.2|0.3|0.4|0.5|0.6|0.7|0.8|0.9|0.95|0.99,1,False,False
20260905T005453Z,map,17,in_range,300,0.09956138056997371,0.8874902536861312,0.96,0.3996267360775358,0.10194746924681793,0.018181818181818184,-0.009090909090909084,152,12.512,,250,500,0.1,4000,1.959963984540054,0.1|0.2|0.3|0.4|0.5|0.6|0.7|0.8|0.9|0.95|0.99,1,False,False
20260905T005453Z,map,17,extrapolation,200,0.33367332597002036,-3.991881641872077,0.595,0.39962673607753574,0.10194746924681793,0.2509090909090909,-0.2509090909090909,152,12.512,,250,500,0.1,4000,1.959963984540054,0.1|0.2|0.3|0.4|0.5|0.6|0.7|0.8|0.9|0.95|0.99,1,False,False
20260905T005453Z,map,17,overall,500,0.22468341390978924,-1.064258504537152,0.814,0.39962673607753574,0.10194746924681793,0.10581818181818183,-0.10581818181818183,152,12.512,,250,500,0.1,4000,1.959963984540054,0.1|0.2|0.3|0.4|0.5|0.6|0.7|0.8|0.9|0.95|0.99,1,False,False
20260905T005453Z,mcd,17,in_range,300,0.14269459040830415,0.38868763818009655,1.0,0.8688436992365037,0.18376430093149915,0.11363636363636363,0.11363636363636363,152,14.198,,250,500,0.1,4000,1.959963984540054,0.1|0.2|0.3|0.4|0.5|0.6|0.7|0.8|0.9|0.95|0.99,1,False,False
20260905T005453Z,mcd,17,extrapolation,200,0.7455030891929069,-4.093552471527106,0.235,0.9606860449654012,0.18376430093149915,0.49909090909090903,-0.49909090909090903,152,14.198,,250,500,0.1,4000,1.959963984540054,0.1|0.2|0.3|0.4|0.5|0.6|0.7|0.8|0.9|0.95|0.99,1,False,False
20260905T005453Z,mcd,17,overall,500,0.4842798675121062,-1.4042084057027842,0.694,0.9055806375280626,0.18376430093149917,0.13145454545454546,-0.13145454545454546,152,14.198,,250,500,0.1,4000,1.959963984540054,0.1|0.2|0.3|0.4|0.5|0.6|0.7|0.8|0.9|0.95|0.99,1,False,False
20260905T005453Z,ensemble,17,in_range,300,0.09919744376165704,0.8910077635117432,0.96,0.3995872570692659,0.1010046028341911,0.018484848484848496,-0.007575757575757559,760,65.236,,250,500,0.1,4000,1.959963984540054,0.1|0.2|0.3|0.4|0.5|0.6|0.7|0.8|0.9|0.95|0.99,1,False,False
20260905T005453Z,ensemble,17,extrapolation,200,0.3274799229212907,-3.7369310978977315,0.605,0.40041366293489333,0.10100460283419113,0.2527272727272727,-0.2527272727272727,760,65.236,,250,500,0.1,4000,1.959963984540054,0.1|0.2|0.3|0.4|0.5|0.6|0.7|0.8|0.9|0.95|0.99,1,False,False
20260905T005453Z,ensemble,17,overall,500,0.2209102072696553,-0.9601677810520467,0.818,0.39991781941551685,0.10100460283419112,0.10563636363636363,-0.10563636363636363,760,65.236,,250,500,0.1,4000,1.959963984540054,0.1|0.2|0.3|0.4|0.5|0.6|0.7|0.8|0.9|0.95|0.99,1,False,False
20260905T005453Z,bbb,17,in_range,300,0.09889519880209724,0.8923168394818515,0.97,0.40597285114761944,0.10270765656715866,0.022424242424242426,-0.0012121212121212097,303,27.367,,250,500,0.1,4000,1.959963984540054,0.1|0.2|0.3|0.4|0.5|0.6|0.7|0.8|0.9|0.95|0.99,1,False,False
20260905T005453Z,bbb,17,extrapolation,200,0.208775417438186,-0.6506338933440354,0.7,0.40960474083372916,0.10270765656715866,0.19954545454545453,-0.19954545454545453,303,27.367,,250,500,0.1,4000,1.959963984540054,0.1|0.2|0.3|0.4|0.5|0.6|0.7|0.8|0.9|0.95|0.99,1,False,False
20260905T005453Z,bbb,17,overall,500,0.1526532874793705,0.2751365463514968,0.862,0.4074256070220633,0.10270765656715866,0.08054545454545456,-0.08054545454545456,303,27.367,,250,500,0.1,4000,1.959963984540054,0.1|0.2|0.3|0.4|0.5|0.6|0.7|0.8|0.9|0.95|0.99,1,False,False
20260905T005453Z,laplace,17,in_range,300,0.09956138056997371,0.8861592773568725,0.9666666666666667,0.40461569362097105,0.10194746924681793,0.01848484848484849,-0.003939393939393931,152,13.014,,250,500,0.1,4000,1.959963984540054,0.1|0.2|0.3|0.4|0.5|0.6|0.7|0.8|0.9|0.95|0.99,1,False,False
20260905T005453Z,laplace,17,extrapolation,200,0.33367332597002036,0.07379785127660511,0.95,0.8501813636543463,0.10194746924681793,0.08090909090909092,-0.08090909090909092,152,13.014,,250,500,0.1,4000,1.959963984540054,0.1|0.2|0.3|0.4|0.5|0.6|0.7|0.8|0.9|0.95|0.99,1,False,False
20260905T005453Z,laplace,17,overall,500,0.22468341390978924,0.5612147069247657,0.96,0.582841961634321,0.10194746924681793,0.0369090909090909,-0.03472727272727272,152,13.014,,250,500,0.1,4000,1.959963984540054,0.1|0.2|0.3|0.4|0.5|0.6|0.7|0.8|0.9|0.95|0.99,1,False,False
20260905T005453Z,gp,17,in_range,300,0.09782187061636068,0.9039838805170681,0.9666666666666667,0.39445910839621595,0.09935840198366706,0.015151515151515154,-0.0030303030303030346,3,1.158,,250,500,0.1,4000,1.959963984540054,0.1|0.2|0.3|0.4|0.5|0.6|0.7|0.8|0.9|0.95|0.99,1,False,False
20260905T005453Z,gp,17,extrapolation,200,0.12354786074161676,0.33129235471151636,0.99,1.0848722972287765,0.09935840198366708,0.17409090909090907,0.17409090909090907,3,1.158,,250,500,0.1,4000,1.959963984540054,0.1|0.2|0.3|0.4|0.5|0.6|0.7|0.8|0.9|0.95|0.99,1,False,False
20260905T005453Z,gp,17,overall,500,0.10884438699382884,0.6749072701948473,0.976,0.6706243839292402,0.09935840198366708,0.06781818181818183,0.06781818181818183,3,1.158,,250,500,0.1,4000,1.959963984540054,0.1|0.2|0.3|0.4|0.5|0.6|0.7|0.8|0.9|0.95|0.99,1,False,False
20260905T005453Z,map,18,in_range,300,0.1081241005835022,0.8047513159471816,0.9566666666666667,0.4360030062728554,0.11122730053000755,0.019393939393939384,0.018787878787878784,152,12.378,,250,500,0.1,4000,1.959963984540054,0.1|0.2|0.3|0.4|0.5|0.6|0.7|0.8|0.9|0.95|0.99,1,False,False
20260905T005453Z,map,18,extrapolation,200,0.4089761637312453,-5.482704758731544,0.585,0.43600300627285543,0.11122730053000755,0.28045454545454546,-0.28045454545454546,152,12.378,,250,500,0.1,4000,1.959963984540054,0.1|0.2|0.3|0.4|0.5|0.6|0.7|0.8|0.9|0.95|0.99,1,False,False
20260905T005453Z,map,18,overall,500,0.2718806607251154,-1.7102311139243087,0.808,0.43600300627285543,0.11122730053000755,0.10090909090909089,-0.10090909090909089,152,12.378,,250,500,0.1,4000,1.959963984540054,0.1|0.2|0.3|0.4|0.5|0.6|0.7|0.8|0.9|0.95|0.99,1,False,False
20260905T005453Z,mcd,18,in_range,300,0.15991868934577766,0.27010350893807095,1.0,0.9907930471388727,0.2145328065845202,0.13818181818181818,0.13818181818181818,152,14.419,,250,500,0.1,4000,1.959963984540054,0.1|0.2|0.3|0.4|0.5|0.6|0.7|0.8|0.9|0.95|0.99,1,False,False
20260905T005453Z,mcd,18,extrapolation,200,0.6880863556724831,-2.6532199799036573,0.26,1.0987300770331168,0.2145328065845202,0.47409090909090906,-0.47409090909090906,152,14.419,,250,500,0.1,4000,1.959963984540054,0.1|0.2|0.3|0.4|0.5|0.6|0.7|0.8|0.9|0.95|0.99,1,False,False
20260905T005453Z,mcd,18,overall,500,0.45247046916489303,-0.8992258865986203,0.704,1.0339678590965704,0.2145328065845202,0.10854545454545454,-0.10672727272727273,152,14.419,,250,500,0.1,4000,1.959963984540054,0.1|0.2|0.3|0.4|0.5|0.6|0.7|0.8|0.9|0.95|0.99,1,False,False
20260905T005453Z,ensemble,18,in_range,300,0.10000144520056872,0.8731495166001438,0.9666666666666667,0.43463144372511797,0.1098142732716213,0.033939393939393936,0.033939393939393936,760,64.502,,250,500,0.1,4000,1.959963984540054,0.1|0.2|0.3|0.4|0.5|0.6|0.7|0.8|0.9|0.95|0.99,1,False,False
20260905T005453Z,ensemble,18,extrapolation,200,0.38652428295054986,-2.74668404311392,0.625,0.47621904226819695,0.10981427327162131,0.2640909090909091,-0.2640909090909091,760,64.502,,250,500,0.1,4000,1.959963984540054,0.1|0.2|0.3|0.4|0.5|0.6|0.7|0.8|0.9|0.95|0.99,1,False,False
20260905T005453Z,ensemble,18,overall,500,0.25643826147729226,-0.5747839072854817,0.83,0.4512664831423496,0.10981427327162133,0.08527272727272728,-0.08527272727272728,760,64.502,,250,500,0.1,4000,1.959963984540054,0.1|0.2|0.3|0.4|0.5|0.6|0.7|0.8|0.9|0.95|0.99,1,False,False
20260905T005453Z,bbb,18,in_range,300,0.10159870245946837,0.8577738547167477,0.97,0.4424783508966,0.11208439607908297,0.0409090909090909,0.0409090909090909,303,26.739,,250,500,0.1,4000,1.959963984540054,0.1|0.2|0.3|0.4|0.5|0.6|0.7|0.8|0.9|0.95|0.99,1,False,False
20260905T005453Z,bbb,18,extrapolation,200,0.23315326233834038,-0.8395026766318066,0.63,0.4462583543731792,0.11208439607908297,0.25045454545454543,-0.25045454545454543,303,26.739,,250,500,0.1,4000,1.959963984540054,0.1|0.2|0.3|0.4|0.5|0.6|0.7|0.8|0.9|0.95|0.99,1,False,False
20260905T005453Z,bbb,18,overall,500,0.16714531193088528,0.17886324217732605,0.834,0.44399035228723166,0.11208439607908295,0.07818181818181819,-0.07563636363636363,303,26.739,,250,500,0.1,4000,1.959963984540054,0.1|0.2|0.3|0.4|0.5|0.6|0.7|0.8|0.9|0.95|0.99,1,False,False
20260905T005453Z,laplace,18,in_range,300,0.1081241005835022,0.8037427939786236,0.9566666666666667,0.44136535659887377,0.11122730053000755,0.022121212121212108,0.022121212121212108,152,10.592,,250,500,0.1,4000,1.959963984540054,0.1|0.2|0.3|0.4|0.5|0.6|0.7|0.8|0.9|0.95|0.99,1,False,False
20260905T005453Z,laplace,18,extrapolation,200,0.4089761637312453,-0.06875979991110533,0.93,0.9220634144300248,0.11122730053000755,0.11772727272727274,-0.11590909090909092,152,10.592,,250,500,0.1,4000,1.959963984540054,0.1|0.2|0.3|0.4|0.5|0.6|0.7|0.8|0.9|0.95|0.99,1,False,False
20260905T005453Z,laplace,18,overall,500,0.2718806607251154,0.45474175642273207,0.946,0.633644579731334,0.11122730053000755,0.03418181818181818,-0.03309090909090909,152,10.592,,250,500,0.1,4000,1.959963984540054,0.1|0.2|0.3|0.4|0.5|0.6|0.7|0.8|0.9|0.95|0.99,1,False,False
20260905T005453Z,gp,18,in_range,300,0.09802867302670187,0.8912162017950963,0.97,0.43109350620164616,0.10869789073714567,0.03545454545454545,0.03545454545454545,3,0.654,,250,500,0.1,4000,1.959963984540054,0.1|0.2|0.3|0.4|0.5|0.6|0.7|0.8|0.9|0.95|0.99,1,False,False
20260905T005453Z,gp,18,extrapolation,200,0.2223330404348915,0.16291430268876336,0.99,1.1059192917087877,0.10869789073714567,0.04863636363636365,0.04863636363636365,3,0.654,,250,500,0.1,4000,1.959963984540054,0.1|0.2|0.3|0.4|0.5|0.6|0.7|0.8|0.9|0.95|0.99,1,False,False
20260905T005453Z,gp,18,overall,500,0.15980789964465106,0.5998954421525632,0.978,0.7010238204045027,0.10869789073714567,0.04072727272727273,0.04072727272727273,3,0.654,,250,500,0.1,4000,1.959963984540054,0.1|0.2|0.3|0.4|0.5|0.6|0.7|0.8|0.9|0.95|0.99,1,False,False
20260905T005453Z,map,19,in_range,300,0.09639969823164478,0.9174099449587027,0.9566666666666667,0.3991942585340283,0.10183714131556029,0.022121212121212135,0.022121212121212135,152,6.71,,250,500,0.1,4000,1.959963984540054,0.1|0.2|0.3|0.4|0.5|0.6|0.7|0.8|0.9|0.95|0.99,1,False,False
20260905T005453Z,map,19,extrapolation,200,0.5005905707398036,-10.716115902564574,0.465,0.3991942585340283,0.10183714131556029,0.305,-0.305,152,6.71,,250,500,0.1,4000,1.959963984540054,0.1|0.2|0.3|0.4|0.5|0.6|0.7|0.8|0.9|0.95|0.99,1,False,False
20260905T005453Z,map,19,overall,500,0.32528773247224096,-3.7360003940506084,0.76,0.39919425853402835,0.10183714131556029,0.1098181818181818,-0.10872727272727274,152,6.71,,250,500,0.1,4000,1.959963984540054,0.1|0.2|0.3|0.4|0.5|0.6|0.7|0.8|0.9|0.95|0.99,1,False,False
20260905T005453Z,mcd,19,in_range,300,0.13968831631235137,0.3321847164393088,1.0,0.9643417660920507,0.20659653129046154,0.16545454545454547,0.16545454545454547,152,7.31,,250,500,0.1,4000,1.959963984540054,0.1|0.2|0.3|0.4|0.5|0.6|0.7|0.8|0.9|0.95|0.99,1,False,False
20260905T005453Z,mcd,19,extrapolation,200,0.7287841049519955,-3.110598652957675,0.22,1.0787797167669033,0.20659653129046154,0.5059090909090909,-0.5059090909090909,152,7.31,,250,500,0.1,4000,1.959963984540054,0.1|0.2|0.3|0.4|0.5|0.6|0.7|0.8|0.9|0.95|0.99,1,False,False
20260905T005453Z,mcd,19,overall,500,0.473453486713088,-1.0449286313194848,0.688,1.0101169463619917,0.20659653129046157,0.10818181818181817,-0.10309090909090911,152,7.31,,250,500,0.1,4000,1.959963984540054,0.1|0.2|0.3|0.4|0.5|0.6|0.7|0.8|0.9|0.95|0.99,1,False,False
20260905T005453Z,ensemble,19,in_range,300,0.0965284963956916,0.9163591307041219,0.9566666666666667,0.39948703312408523,0.10117193666384156,0.01787878787878789,0.01787878787878789,760,33.144,,250,500,0.1,4000,1.959963984540054,0.1|0.2|0.3|0.4|0.5|0.6|0.7|0.8|0.9|0.95|0.99,1,False,False
20260905T005453Z,ensemble,19,extrapolation,200,0.42543868682161756,-2.9639795235870117,0.545,0.47529890695554244,0.10117193666384156,0.2681818181818182,-0.2681818181818182,760,33.144,,250,500,0.1,4000,1.959963984540054,0.1|0.2|0.3|0.4|0.5|0.6|0.7|0.8|0.9|0.95|0.99,1,False,False
20260905T005453Z,ensemble,19,overall,500,0.2792666841348047,-0.6357763310123314,0.792,0.42981178265666814,0.10117193666384154,0.09654545454545453,-0.09654545454545453,760,33.144,,250,500,0.1,4000,1.959963984540054,0.1|0.2|0.3|0.4|0.5|0.6|0.7|0.8|0.9|0.95|0.99,1,False,False
20260905T005453Z,bbb,19,in_range,300,0.09954615987575784,0.8872755380551045,0.9366666666666666,0.40265107057335814,0.10190510052323166,0.014242424242424234,0.010606060606060603,303,13.828,,250,500,0.1,4000,1.959963984540054,0.1|0.2|0.3|0.4|0.5|0.6|0.7|0.8|0.9|0.95|0.99,1,False,False
20260905T005453Z,bbb,19,extrapolation,200,0.23377292001600755,-1.1731119167167174,0.755,0.4073658073842153,0.10190510052323166,0.14136363636363633,-0.14136363636363633,303,13.828,,250,500,0.1,4000,1.959963984540054,0.1|0.2|0.3|0.4|0.5|0.6|0.7|0.8|0.9|0.95|0.99,1,False,False
20260905T005453Z,bbb,19,overall,500,0.16675003454491463,0.06312055614637592,0.864,0.40453696529770106,0.10190510052323166,0.050181818181818175,-0.050181818181818175,303,13.828,,250,500,0.1,4000,1.959963984540054,0.1|0.2|0.3|0.4|0.5|0.6|0.7|0.8|0.9|0.95|0.99,1,False,False
20260905T005453Z,laplace,19,in_range,300,0.09639969823164478,0.9160731524238819,0.9566666666666667,0.404379556711448,0.10183714131556029,0.02727272727272728,0.02727272727272728,152,6.82,,250,500,0.1,4000,1.959963984540054,0.1|0.2|0.3|0.4|0.5|0.6|0.7|0.8|0.9|0.95|0.99,1,False,False
20260905T005453Z,laplace,19,extrapolation,200,0.5005905707398036,-0.37981789253920245,0.8,0.9232682038600979,0.10183714131556029,0.16045454545454543,-0.16045454545454543,152,6.82,,250,500,0.1,4000,1.959963984540054,0.1|0.2|0.3|0.4|0.5|0.6|0.7|0.8|0.9|0.95|0.99,1,False,False
20260905T005453Z,laplace,19,overall,500,0.32528773247224096,0.39771673443864813,0.894,0.6119350155709079,0.10183714131556029,0.04963636363636364,-0.04781818181818182,152,6.82,,250,500,0.1,4000,1.959963984540054,0.1|0.2|0.3|0.4|0.5|0.6|0.7|0.8|0.9|0.95|0.99,1,False,False
20260905T005453Z,gp,19,in_range,300,0.09757137225279272,0.9076769204263072,0.9533333333333334,0.3943955509944013,0.09939482468380213,0.012727272727272738,0.012727272727272738,3,0.636,,250,500,0.1,4000,1.959963984540054,0.1|0.2|0.3|0.4|0.5|0.6|0.7|0.8|0.9|0.95|0.99,1,False,False
20260905T005453Z,gp,19,extrapolation,200,0.4140324859735813,-0.2100272883606926,0.965,1.136471237461258,0.09939482468380213,0.14954545454545454,-0.14136363636363639,3,0.636,,250,500,0.1,4000,1.959963984540054,0.1|0.2|0.3|0.4|0.5|0.6|0.7|0.8|0.9|0.95|0.99,1,False,False
20260905T005453Z,gp,19,overall,500,0.27254589225772846,0.4605952369115072,0.958,0.691225825581144,0.09939482468380212,0.05290909090909091,-0.04890909090909091,3,0.636,,250,500,0.1,4000,1.959963984540054,0.1|0.2|0.3|0.4|0.5|0.6|0.7|0.8|0.9|0.95|0.99,1,False,False
