run_id,dataset,split,hyperparameter,value,lower_bound,upper_bound,log_value,log_lower,log_upper,log_margin_to_nearest_bound,on_bound,log_marginal_likelihood,fitted_here,convergence_warnings,variant,quick
20260905T030246Z,yacht,0,k1__k1__constant_value,8.765852488034662,9.999999999999997e-06,100000.00000000001,2.170863774115429,-11.512925464970229,11.512925464970229,9.3420616908548,False,303.5683106227175,True,0,,False
20260905T030246Z,yacht,0,k1__k2__length_scale,1.390587910555309,9.999999999999997e-06,100000.00000000001,0.32972661495543804,-11.512925464970229,11.512925464970229,11.18319885001479,False,303.5683106227175,True,0,,False
20260905T030246Z,yacht,0,k2__noise_level,7.488126363784008e-05,9.999999999999997e-06,100000.00000000001,-9.499606850431984,-11.512925464970229,11.512925464970229,2.0133186145382442,False,303.5683106227175,True,0,,False
20260905T030246Z,yacht,1,k1__k1__constant_value,10.560983646887433,9.999999999999997e-06,100000.00000000001,2.3571664223195663,-11.512925464970229,11.512925464970229,9.155759042650661,False,295.87139377593746,True,0,,False
20260905T030246Z,yacht,1,k1__k2__length_scale,1.499752158410513,9.999999999999997e-06,100000.00000000001,0.4052998667302351,-11.512925464970229,11.512925464970229,11.107625598239993,False,295.87139377593746,True,0,,False
20260905T030246Z,yacht,1,k2__noise_level,0.00011148232302204125,9.999999999999997e-06,100000.00000000001,-9.101644517551478,-11.512925464970229,11.512925464970229,2.411280947418751,False,295.87139377593746,True,0,,False
20260905T030246Z,yacht,2,k1__k1__constant_value,11.822598065712972,9.999999999999997e-06,100000.00000000001,2.4700127903387066,-11.512925464970229,11.512925464970229,9.042912674631522,False,298.9219695315378,True,0,,False
20260905T030246Z,yacht,2,k1__k2__length_scale,1.5425787173450696,9.999999999999997e-06,100000.00000000001,0.4334555078097713,-11.512925464970229,11.512925464970229,11.079469957160457,False,298.9219695315378,True,0,,False
20260905T030246Z,yacht,2,k2__noise_level,0.00011361259097117745,9.999999999999997e-06,100000.00000000001,-9.082716221805194,-11.512925464970229,11.512925464970229,2.4302092431650344,False,298.9219695315378,True,0,,False
20260905T030246Z,yacht,3,k1__k1__constant_value,10.00693909720369,9.999999999999997e-06,100000.00000000001,2.3032787620703816,-11.512925464970229,11.512925464970229,9.209646702899846,False,305.1465601162107,True,0,,False
20260905T030246Z,yacht,3,k1__k2__length_scale,1.4323642980067843,9.999999999999997e-06,100000.00000000001,0.35932643423418753,-11.512925464970229,11.512925464970229,11.153599030736041,False,305.1465601162107,True,0,,False
20260905T030246Z,yacht,3,k2__noise_level,7.619590661536847e-05,9.999999999999997e-06,100000.00000000001,-9.482202815673007,-11.512925464970229,11.512925464970229,2.0307226492972212,False,305.1465601162107,True,0,,False
20260905T030246Z,yacht,4,k1__k1__constant_value,12.406594471602956,9.999999999999997e-06,100000.00000000001,2.5182281434750307,-11.512925464970229,11.512925464970229,8.994697321495199,False,295.5750931746985,True,0,,False
20260905T030246Z,yacht,4,k1__k2__length_scale,1.5161226027260897,9.999999999999997e-06,100000.00000000001,0.41615615646078796,-11.512925464970229,11.512925464970229,11.09676930850944,False,295.5750931746985,True,0,,False
20260905T030246Z,yacht,4,k2__noise_level,0.00010744439102049202,9.999999999999997e-06,100000.00000000001,-9.138537137071285,-11.512925464970229,11.512925464970229,2.3743883278989433,False,295.5750931746985,True,0,,False
20260905T030246Z,yacht,5,k1__k1__constant_value,11.311423867714154,9.999999999999997e-06,100000.00000000001,2.4258131767852404,-11.512925464970229,11.512925464970229,9.087112288184988,False,304.4694575331954,True,0,,False
20260905T030246Z,yacht,5,k1__k2__length_scale,1.5151221993505244,9.999999999999997e-06,100000.00000000001,0.41549609534582865,-11.512925464970229,11.512925464970229,11.0974293696244,False,304.4694575331954,True,0,,False
20260905T030246Z,yacht,5,k2__noise_level,9.720492125285993e-05,9.999999999999997e-06,100000.00000000001,-9.238689217606089,-11.512925464970229,11.512925464970229,2.27423624736414,False,304.4694575331954,True,0,,False
20260905T030246Z,yacht,6,k1__k1__constant_value,10.571432727214747,9.999999999999997e-06,100000.00000000001,2.3581553372636876,-11.512925464970229,11.512925464970229,9.154770127706541,False,314.8232506610932,True,0,,False
20260905T030246Z,yacht,6,k1__k2__length_scale,1.487835924529383,9.999999999999997e-06,100000.00000000001,0.39732266455791876,-11.512925464970229,11.512925464970229,11.11560280041231,False,314.8232506610932,True,0,,False
20260905T030246Z,yacht,6,k2__noise_level,8.234313869131795e-05,9.999999999999997e-06,100000.00000000001,-9.404615423678647,-11.512925464970229,11.512925464970229,2.108310041291581,False,314.8232506610932,True,0,,False
20260905T030246Z,yacht,7,k1__k1__constant_value,14.203699689751737,9.999999999999997e-06,100000.00000000001,2.653502472203977,-11.512925464970229,11.512925464970229,8.859422992766252,False,297.4350989818299,True,0,,False
20260905T030246Z,yacht,7,k1__k2__length_scale,1.6043249498677823,9.999999999999997e-06,100000.00000000001,0.4727030761256727,-11.512925464970229,11.512925464970229,11.040222388844557,False,297.4350989818299,True,0,,False
20260905T030246Z,yacht,7,k2__noise_level,0.00011917293925208274,9.999999999999997e-06,100000.00000000001,-9.03493484880319,-11.512925464970229,11.512925464970229,2.4779906161670393,False,297.4350989818299,True,0,,False
20260905T030246Z,yacht,8,k1__k1__constant_value,11.058611645666481,9.999999999999997e-06,100000.00000000001,2.4032094588898123,-11.512925464970229,11.512925464970229,9.109716006080417,False,307.88683525158194,True,0,,False
20260905T030246Z,yacht,8,k1__k2__length_scale,1.51952621260565,9.999999999999997e-06,100000.00000000001,0.4183985840358217,-11.512925464970229,11.512925464970229,11.094526880934406,False,307.88683525158194,True,0,,False
20260905T030246Z,yacht,8,k2__noise_level,9.484428105627289e-05,9.999999999999997e-06,100000.00000000001,-9.263274158010713,-11.512925464970229,11.512925464970229,2.2496513069595157,False,307.88683525158194,True,0,,False
20260905T030246Z,yacht,9,k1__k1__constant_value,11.785772082317374,9.999999999999997e-06,100000.00000000001,2.466893048227499,-11.512925464970229,11.512925464970229,9.04603241674273,False,295.35964124766906,True,0,,False
20260905T030246Z,yacht,9,k1__k2__length_scale,1.5321463418266867,9.999999999999997e-06,100000.00000000001,0.42666959014189726,-11.512925464970229,11.512925464970229,11.086255874828332,False,295.35964124766906,True,0,,False
20260905T030246Z,yacht,9,k2__noise_level,0.00011426200028837487,9.999999999999997e-06,100000.00000000001,-9.07701649835896,-11.512925464970229,11.512925464970229,2.4359089666112688,False,295.35964124766906,True,0,,False
20260905T030246Z,yacht,10,k1__k1__constant_value,10.233025502795332,9.999999999999997e-06,100000.00000000001,2.3256202843125293,-11.512925464970229,11.512925464970229,9.187305180657699,False,293.99981530481944,True,0,,False
20260905T030246Z,yacht,10,k1__k2__length_scale,1.417247370280879,9.999999999999997e-06,100000.00000000001,0.34871651871226667,-11.512925464970229,11.512925464970229,11.164208946257961,False,293.99981530481944,True,0,,False
20260905T030246Z,yacht,10,k2__noise_level,8.228182156855113e-05,9.999999999999997e-06,100000.00000000001,-9.405360354769359,-11.512925464970229,11.512925464970229,2.10756511020087,False,293.99981530481944,True,0,,False
20260905T030246Z,yacht,11,k1__k1__constant_value,10.373238776916294,9.999999999999997e-06,100000.00000000001,2.3392292952647034,-11.512925464970229,11.512925464970229,9.173696169705526,False,297.4842819967165,True,0,,False
20260905T030246Z,yacht,11,k1__k2__length_scale,1.4932584505974542,9.999999999999997e-06,100000.00000000001,0.40096061181229237,-11.512925464970229,11.512925464970229,11.111964853157936,False,297.4842819967165,True,0,,False
20260905T030246Z,yacht,11,k2__noise_level,0.00010898862017052312,9.999999999999997e-06,100000.00000000001,-9.124267083290702,-11.512925464970229,11.512925464970229,2.3886583816795266,False,297.4842819967165,True,0,,False
20260905T030246Z,yacht,12,k1__k1__constant_value,9.30841752687675,9.999999999999997e-06,100000.00000000001,2.230919101210627,-11.512925464970229,11.512925464970229,9.282006363759601,False,289.71246645247834,True,0,,False
20260905T030246Z,yacht,12,k1__k2__length_scale,1.4093636510438838,9.999999999999997e-06,100000.00000000001,0.3431382912020786,-11.512925464970229,11.512925464970229,11.16978717376815,False,289.71246645247834,True,0,,False
20260905T030246Z,yacht,12,k2__noise_level,0.0001002767834973581,9.999999999999997e-06,100000.00000000001,-9.207576360404417,-11.512925464970229,11.512925464970229,2.3053491045658117,False,289.71246645247834,True,0,,False
20260905T030246Z,yacht,13,k1__k1__constant_value,10.25125409088711,9.999999999999997e-06,100000.00000000001,2.327400048430676,-11.512925464970229,11.512925464970229,9.185525416539553,False,304.93957653891255,True,0,,False
20260905T030246Z,yacht,13,k1__k2__length_scale,1.406230446548341,9.999999999999997e-06,100000.00000000001,0.34091268219718707,-11.512925464970229,11.512925464970229,11.172012782773042,False,304.93957653891255,True,0,,False
20260905T030246Z,yacht,13,k2__noise_level,6.722160404644848e-05,9.999999999999997e-06,100000.00000000001,-9.607515873315181,-11.512925464970229,11.512925464970229,1.9054095916550473,False,304.93957653891255,True,0,,False
20260905T030246Z,yacht,14,k1__k1__constant_value,11.124756400829668,9.999999999999997e-06,100000.00000000001,2.409172931257934,-11.512925464970229,11.512925464970229,9.103752533712294,False,301.598818249866,True,0,,False
20260905T030246Z,yacht,14,k1__k2__length_scale,1.5028114514350381,9.999999999999997e-06,100000.00000000001,0.40733765475454664,-11.512925464970229,11.512925464970229,11.105587810215681,False,301.598818249866,True,0,,False
20260905T030246Z,yacht,14,k2__noise_level,9.822692791279829e-05,9.999999999999997e-06,100000.00000000001,-9.228230165195969,-11.512925464970229,11.512925464970229,2.28469529977426,False,301.598818249866,True,0,,False
20260905T030246Z,yacht,15,k1__k1__constant_value,11.590913897518904,9.999999999999997e-06,100000.00000000001,2.45022150648793,-11.512925464970229,11.512925464970229,9.062703958482299,False,290.28712616263385,True,0,,False
20260905T030246Z,yacht,15,k1__k2__length_scale,1.515734545418846,9.999999999999997e-06,100000.00000000001,0.41590016992158035,-11.512925464970229,11.512925464970229,11.097025295048649,False,290.28712616263385,True,0,,False
20260905T030246Z,yacht,15,k2__noise_level,0.00011625201747566592,9.999999999999997e-06,100000.00000000001,-9.059750159018014,-11.512925464970229,11.512925464970229,2.4531753059522146,False,290.28712616263385,True,0,,False
20260905T030246Z,yacht,16,k1__k1__constant_value,10.848840121434216,9.999999999999997e-06,100000.00000000001,2.38405817302182,-11.512925464970229,11.512925464970229,9.128867291948408,False,304.649614323326,True,0,,False
20260905T030246Z,yacht,16,k1__k2__length_scale,1.5012046331214681,9.999999999999997e-06,100000.00000000001,0.40626787455258867,-11.512925464970229,11.512925464970229,11.10665759041764,False,304.649614323326,True,0,,False
20260905T030246Z,yacht,16,k2__noise_level,9.819440979072612e-05,9.999999999999997e-06,100000.00000000001,-9.228561270998927,-11.512925464970229,11.512925464970229,2.2843641939713013,False,304.649614323326,True,0,,False
20260905T030246Z,yacht,17,k1__k1__constant_value,10.008977321228025,9.999999999999997e-06,100000.00000000001,2.3034824223963715,-11.512925464970229,11.512925464970229,9.209443042573858,False,293.83862799739495,True,0,,False
20260905T030246Z,yacht,17,k1__k2__length_scale,1.4767719793561922,9.999999999999997e-06,100000.00000000001,0.3898586106943749,-11.512925464970229,11.512925464970229,11.123066854275853,False,293.83862799739495,True,0,,False
20260905T030246Z,yacht,17,k2__noise_level,0.00011149576706272469,9.999999999999997e-06,100000.00000000001,-9.101523931347742,-11.512925464970229,11.512925464970229,2.4114015336224863,False,293.83862799739495,True,0,,False
20260905T030246Z,yacht,18,k1__k1__constant_value,9.589135031767507,9.999999999999997e-06,100000.00000000001,2.2606306900170714,-11.512925464970229,11.512925464970229,9.252294774953157,False,301.25463781415954,True,0,,False
20260905T030246Z,yacht,18,k1__k2__length_scale,1.475228260942401,9.999999999999997e-06,100000.00000000001,0.3888127310000336,-11.512925464970229,11.512925464970229,11.124112733970195,False,301.25463781415954,True,0,,False
20260905T030246Z,yacht,18,k2__noise_level,0.00010066288059768423,9.999999999999997e-06,100000.00000000001,-9.203733439921566,-11.512925464970229,11.512925464970229,2.309192025048663,False,301.25463781415954,True,0,,False
20260905T030246Z,yacht,19,k1__k1__constant_value,14.346071835626212,9.999999999999997e-06,100000.00000000001,2.66347616505447,-11.512925464970229,11.512925464970229,8.849449299915758,False,293.80898907102596,True,0,,False
20260905T030246Z,yacht,19,k1__k2__length_scale,1.5785725045101193,9.999999999999997e-06,100000.00000000001,0.45652096049833707,-11.512925464970229,11.512925464970229,11.056404504471892,False,293.80898907102596,True,0,,False
20260905T030246Z,yacht,19,k2__noise_level,0.00011764888897287393,9.999999999999997e-06,100000.00000000001,-9.047805886329977,-11.512925464970229,11.512925464970229,2.4651195786402518,False,293.80898907102596,True,0,,False
20260905T052649Z,energy,0,k1__k1__constant_value,100000.00000000001,9.999999999999997e-06,100000.00000000001,11.512925464970229,-11.512925464970229,11.512925464970229,0.0,True,757.8166401973901,True,0,,False
20260905T052649Z,energy,0,k1__k2__length_scale,11.752258286964889,9.999999999999997e-06,100000.00000000001,2.464045416758455,-11.512925464970229,11.512925464970229,9.048880048211775,False,757.8166401973901,True,0,,False
20260905T052649Z,energy,0,k2__noise_level,0.0015260720895161966,9.999999999999997e-06,100000.00000000001,-6.485058106399383,-11.512925464970229,11.512925464970229,5.0278673585708455,False,757.8166401973901,True,0,,False
20260905T052649Z,energy,1,k1__k1__constant_value,100000.00000000001,9.999999999999997e-06,100000.00000000001,11.512925464970229,-11.512925464970229,11.512925464970229,0.0,True,787.0265741973344,True,0,,False
20260905T052649Z,energy,1,k1__k2__length_scale,11.547672357479783,9.999999999999997e-06,100000.00000000001,2.446483889167481,-11.512925464970229,11.512925464970229,9.066441575802747,False,787.0265741973344,True,0,,False
20260905T052649Z,energy,1,k2__noise_level,0.0013448227117690433,9.999999999999997e-06,100000.00000000001,-6.611493087427527,-11.512925464970229,11.512925464970229,4.901432377542702,False,787.0265741973344,True,0,,False
20260905T052649Z,energy,2,k1__k1__constant_value,100000.00000000001,9.999999999999997e-06,100000.00000000001,11.512925464970229,-11.512925464970229,11.512925464970229,0.0,True,766.1030152378246,True,0,,False
20260905T052649Z,energy,2,k1__k2__length_scale,11.70395444782766,9.999999999999997e-06,100000.00000000001,2.4599267716927904,-11.512925464970229,11.512925464970229,9.052998693277438,False,766.1030152378246,True,0,,False
20260905T052649Z,energy,2,k2__noise_level,0.0014834070201292838,9.999999999999997e-06,100000.00000000001,-6.513413796214282,-11.512925464970229,11.512925464970229,4.999511668755947,False,766.1030152378246,True,0,,False
20260905T052649Z,energy,3,k1__k1__constant_value,100000.00000000001,9.999999999999997e-06,100000.00000000001,11.512925464970229,-11.512925464970229,11.512925464970229,0.0,True,772.9253553972758,True,0,,False
20260905T052649Z,energy,3,k1__k2__length_scale,11.73454070839719,9.999999999999997e-06,100000.00000000001,2.462536689925819,-11.512925464970229,11.512925464970229,9.050388775044409,False,772.9253553972758,True,0,,False
20260905T052649Z,energy,3,k2__noise_level,0.0014518533304041185,9.999999999999997e-06,100000.00000000001,-6.534914379799976,-11.512925464970229,11.512925464970229,4.978011085170253,False,772.9253553972758,True,0,,False
20260905T052649Z,energy,4,k1__k1__constant_value,100000.00000000001,9.999999999999997e-06,100000.00000000001,11.512925464970229,-11.512925464970229,11.512925464970229,0.0,True,776.9118061624608,True,0,,False
20260905T052649Z,energy,4,k1__k2__length_scale,11.657892910429691,9.999999999999997e-06,100000.00000000001,2.455983453651307,-11.512925464970229,11.512925464970229,9.056942011318922,False,776.9118061624608,True,0,,False
20260905T052649Z,energy,4,k2__noise_level,0.0014097776963025359,9.999999999999997e-06,100000.00000000001,-6.564323249218834,-11.512925464970229,11.512925464970229,4.948602215751395,False,776.9118061624608,True,0,,False
20260905T052649Z,energy,5,k1__k1__constant_value,100000.00000000001,9.999999999999997e-06,100000.00000000001,11.512925464970229,-11.512925464970229,11.512925464970229,0.0,True,769.0559987700788,True,0,,False
20260905T052649Z,energy,5,k1__k2__length_scale,11.827610297869942,9.999999999999997e-06,100000.00000000001,2.4704366540235383,-11.512925464970229,11.512925464970229,9.04248881094669,False,769.0559987700788,True,0,,False
20260905T052649Z,energy,5,k2__noise_level,0.0014891636289567245,9.999999999999997e-06,100000.00000000001,-6.509540639473254,-11.512925464970229,11.512925464970229,5.003384825496974,False,769.0559987700788,True,0,,False
20260905T052649Z,energy,6,k1__k1__constant_value,100000.00000000001,9.999999999999997e-06,100000.00000000001,11.512925464970229,-11.512925464970229,11.512925464970229,0.0,True,761.0139546645973,True,0,,False
20260905T052649Z,energy,6,k1__k2__length_scale,11.616545821341848,9.999999999999997e-06,100000.00000000001,2.4524304457303843,-11.512925464970229,11.512925464970229,9.060495019239845,False,761.0139546645973,True,0,,False
20260905T052649Z,energy,6,k2__noise_level,0.00149289192001985,9.999999999999997e-06,100000.00000000001,-6.507040154190895,-11.512925464970229,11.512925464970229,5.005885310779334,False,761.0139546645973,True,0,,False
20260905T052649Z,energy,7,k1__k1__constant_value,100000.00000000001,9.999999999999997e-06,100000.00000000001,11.512925464970229,-11.512925464970229,11.512925464970229,0.0,True,765.8609961418499,True,0,,False
20260905T052649Z,energy,7,k1__k2__length_scale,11.710631735228949,9.999999999999997e-06,100000.00000000001,2.460497124508774,-11.512925464970229,11.512925464970229,9.052428340461454,False,765.8609961418499,True,0,,False
20260905T052649Z,energy,7,k2__noise_level,0.0014783289791682405,9.999999999999997e-06,100000.00000000001,-6.516842897213285,-11.512925464970229,11.512925464970229,4.996082567756944,False,765.8609961418499,True,0,,False
20260905T052649Z,energy,8,k1__k1__constant_value,100000.00000000001,9.999999999999997e-06,100000.00000000001,11.512925464970229,-11.512925464970229,11.512925464970229,0.0,True,786.7310574500575,True,0,,False
20260905T052649Z,energy,8,k1__k2__length_scale,11.783624467595352,9.999999999999997e-06,100000.00000000001,2.466710810661644,-11.512925464970229,11.512925464970229,9.046214654308585,False,786.7310574500575,True,0,,False
20260905T052649Z,energy,8,k2__noise_level,0.0013843410277091833,9.999999999999997e-06,100000.00000000001,-6.58253104483563,-11.512925464970229,11.512925464970229,4.930394420134599,False,786.7310574500575,True,0,,False
20260905T052649Z,energy,9,k1__k1__constant_value,100000.00000000001,9.999999999999997e-06,100000.00000000001,11.512925464970229,-11.512925464970229,11.512925464970229,0.0,True,751.8261769188289,True,0,,False
20260905T052649Z,energy,9,k1__k2__length_scale,11.798987814567438,9.999999999999997e-06,100000.00000000001,2.468013749365951,-11.512925464970229,11.512925464970229,9.044911715604277,False,751.8261769188289,True,0,,False
20260905T052649Z,energy,9,k2__noise_level,0.0015668766207798028,9.999999999999997e-06,100000.00000000001,-6.458671054649505,-11.512925464970229,11.512925464970229,5.054254410320723,False,751.8261769188289,True,0,,False
20260905T052649Z,energy,10,k1__k1__constant_value,100000.00000000001,9.999999999999997e-06,100000.00000000001,11.512925464970229,-11.512925464970229,11.512925464970229,0.0,True,757.7619890010269,True,0,,False
20260905T052649Z,energy,10,k1__k2__length_scale,11.604676147748679,9.999999999999997e-06,100000.00000000001,2.4514081330680497,-11.512925464970229,11.512925464970229,9.061517331902179,False,757.7619890010269,True,0,,False
20260905T052649Z,energy,10,k2__noise_level,0.0015077215175549731,9.999999999999997e-06,100000.00000000001,-6.497155696506371,-11.512925464970229,11.512925464970229,5.015769768463858,False,757.7619890010269,True,0,,False
20260905T052649Z,energy,11,k1__k1__constant_value,100000.00000000001,9.999999999999997e-06,100000.00000000001,11.512925464970229,-11.512925464970229,11.512925464970229,0.0,True,764.5935234638384,True,0,,False
20260905T052649Z,energy,11,k1__k2__length_scale,11.73456098188666,9.999999999999997e-06,100000.00000000001,2.4625384176007628,-11.512925464970229,11.512925464970229,9.050387047369465,False,764.5935234638384,True,0,,False
20260905T052649Z,energy,11,k2__noise_level,0.0014944489582914746,9.999999999999997e-06,100000.00000000001,-6.505997729856983,-11.512925464970229,11.512925464970229,5.006927735113246,False,764.5935234638384,True,0,,False
20260905T052649Z,energy,12,k1__k1__constant_value,100000.00000000001,9.999999999999997e-06,100000.00000000001,11.512925464970229,-11.512925464970229,11.512925464970229,0.0,True,788.1510559694393,True,0,,False
20260905T052649Z,energy,12,k1__k2__length_scale,11.730072476926715,9.999999999999997e-06,100000.00000000001,2.4621558414124265,-11.512925464970229,11.512925464970229,9.050769623557802,False,788.1510559694393,True,0,,False
20260905T052649Z,energy,12,k2__noise_level,0.001374146933914024,9.999999999999997e-06,100000.00000000001,-6.58992215209747,-11.512925464970229,11.512925464970229,4.923003312872758,False,788.1510559694393,True,0,,False
20260905T052649Z,energy,13,k1__k1__constant_value,100000.00000000001,9.999999999999997e-06,100000.00000000001,11.512925464970229,-11.512925464970229,11.512925464970229,0.0,True,768.2066665220605,True,4,,False
20260905T052649Z,energy,13,k1__k2__length_scale,11.682407163224584,9.999999999999997e-06,100000.00000000001,2.45808404890772,-11.512925464970229,11.512925464970229,9.054841416062509,False,768.2066665220605,True,4,,False
20260905T052649Z,energy,13,k2__noise_level,0.001463490176958255,9.999999999999997e-06,100000.00000000001,-6.526931163875184,-11.512925464970229,11.512925464970229,4.985994301095045,False,768.2066665220605,True,4,,False
20260905T052649Z,energy,14,k1__k1__constant_value,100000.00000000001,9.999999999999997e-06,100000.00000000001,11.512925464970229,-11.512925464970229,11.512925464970229,0.0,True,757.285167931426,True,2,,False
20260905T052649Z,energy,14,k1__k2__length_scale,11.712023350035887,9.999999999999997e-06,100000.00000000001,2.4606159509017265,-11.512925464970229,11.512925464970229,9.052309514068503,False,757.285167931426,True,2,,False
20260905T052649Z,energy,14,k2__noise_level,0.0015281243689829035,9.999999999999997e-06,100000.00000000001,-6.483714198236646,-11.512925464970229,11.512925464970229,5.029211266733583,False,757.285167931426,True,2,,False
20260905T052649Z,energy,15,k1__k1__constant_value,100000.00000000001,9.999999999999997e-06,100000.00000000001,11.512925464970229,-11.512925464970229,11.512925464970229,0.0,True,756.5945090332598,True,2,,False
20260905T052649Z,energy,15,k1__k2__length_scale,11.719013694967844,9.999999999999997e-06,100000.00000000001,2.461212624888108,-11.512925464970229,11.512925464970229,9.051712840082121,False,756.5945090332598,True,2,,False
20260905T052649Z,energy,15,k2__noise_level,0.0015336687589035873,9.999999999999997e-06,100000.00000000001,-6.480092532272073,-11.512925464970229,11.512925464970229,5.032832932698156,False,756.5945090332598,True,2,,False
20260905T052649Z,energy,16,k1__k1__constant_value,100000.00000000001,9.999999999999997e-06,100000.00000000001,11.512925464970229,-11.512925464970229,11.512925464970229,0.0,True,787.949723583441,True,2,,False
20260905T052649Z,energy,16,k1__k2__length_scale,11.690507888667526,9.999999999999997e-06,100000.00000000001,2.458777220961725,-11.512925464970229,11.512925464970229,9.054148244008504,False,787.949723583441,True,2,,False
20260905T052649Z,energy,16,k2__noise_level,0.0013694145954244751,9.999999999999997e-06,100000.00000000001,-6.593371933071751,-11.512925464970229,11.512925464970229,4.919553531898478,False,787.949723583441,True,2,,False
20260905T052649Z,energy,17,k1__k1__constant_value,100000.00000000001,9.999999999999997e-06,100000.00000000001,11.512925464970229,-11.512925464970229,11.512925464970229,0.0,True,764.6767147079979,True,1,,False
20260905T052649Z,energy,17,k1__k2__length_scale,11.607803618902423,9.999999999999997e-06,100000.00000000001,2.451677597701222,-11.512925464970229,11.512925464970229,9.061247867269007,False,764.6767147079979,True,1,,False
20260905T052649Z,energy,17,k2__noise_level,0.0014617149003494996,9.999999999999997e-06,100000.00000000001,-6.528144943271699,-11.512925464970229,11.512925464970229,4.9847805216985295,False,764.6767147079979,True,1,,False
20260905T052649Z,energy,18,k1__k1__constant_value,100000.00000000001,9.999999999999997e-06,100000.00000000001,11.512925464970229,-11.512925464970229,11.512925464970229,0.0,True,780.7716062291261,True,2,,False
20260905T052649Z,energy,18,k1__k2__length_scale,11.742937285879428,9.999999999999997e-06,100000.00000000001,2.4632519778151134,-11.512925464970229,11.512925464970229,9.049673487155115,False,780.7716062291261,True,2,,False
20260905T052649Z,energy,18,k2__noise_level,0.0014110485245821414,9.999999999999997e-06,100000.00000000001,-6.563422216495744,-11.512925464970229,11.512925464970229,4.9495032484744845,False,780.7716062291261,True,2,,False
20260905T052649Z,energy,19,k1__k1__constant_value,100000.00000000001,9.999999999999997e-06,100000.00000000001,11.512925464970229,-11.512925464970229,11.512925464970229,0.0,True,784.9593749033297,True,3,,False
20260905T052649Z,energy,19,k1__k2__length_scale,11.74326261650229,9.999999999999997e-06,100000.00000000001,2.4632796817965352,-11.512925464970229,11.512925464970229,9.049645783173693,False,784.9593749033297,True,3,,False
20260905T052649Z,energy,19,k2__noise_level,0.0013832403913663746,9.999999999999997e-06,100000.00000000001,-6.5833264226288515,-11.512925464970229,11.512925464970229,4.929599042341377,False,784.9593749033297,True,3,,False
20260905T060819Z,concrete,0,k1__k1__constant_value,10.679430648656776,9.999999999999997e-06,100000.00000000001,2.368319522060154,-11.512925464970229,11.512925464970229,9.144605942910076,False,-416.2996123162649,True,0,,False
20260905T060819Z,concrete,0,k1__k2__length_scale,2.8622493313853017,9.999999999999997e-06,100000.00000000001,1.0516077952241687,-11.512925464970229,11.512925464970229,10.46131766974606,False,-416.2996123162649,True,0,,False
20260905T060819Z,concrete,0,k2__noise_level,0.07015233407515815,9.999999999999997e-06,100000.00000000001,-2.657086200354856,-11.512925464970229,11.512925464970229,8.855839264615373,False,-416.2996123162649,True,0,,False
20260905T060819Z,concrete,1,k1__k1__constant_value,9.389777445342036,9.999999999999997e-06,100000.00000000001,2.239621591697763,-11.512925464970229,11.512925464970229,9.273303873272466,False,-403.6918530910579,True,0,,False
20260905T060819Z,concrete,1,k1__k2__length_scale,2.832155211317075,9.999999999999997e-06,100000.00000000001,1.0410379805856946,-11.512925464970229,11.512925464970229,10.471887484384535,False,-403.6918530910579,True,0,,False
20260905T060819Z,concrete,1,k2__noise_level,0.06845468597196716,9.999999999999997e-06,100000.00000000001,-2.681583271271381,-11.512925464970229,11.512925464970229,8.831342193698848,False,-403.6918530910579,True,0,,False
20260905T060819Z,concrete,2,k1__k1__constant_value,12.956868410608104,9.999999999999997e-06,100000.00000000001,2.5616260267417497,-11.512925464970229,11.512925464970229,8.951299438228478,False,-415.97542743104975,True,0,,False
20260905T060819Z,concrete,2,k1__k2__length_scale,3.057069555833724,9.999999999999997e-06,100000.00000000001,1.117456795621303,-11.512925464970229,11.512925464970229,10.395468669348926,False,-415.97542743104975,True,0,,False
20260905T060819Z,concrete,2,k2__noise_level,0.07195613224661386,9.999999999999997e-06,100000.00000000001,-2.6316986200017105,-11.512925464970229,11.512925464970229,8.881226844968518,False,-415.97542743104975,True,0,,False
20260905T060819Z,concrete,3,k1__k1__constant_value,9.349369003497632,9.999999999999997e-06,100000.00000000001,2.235308854766358,-11.512925464970229,11.512925464970229,9.277616610203872,False,-396.0934367782048,True,0,,False
20260905T060819Z,concrete,3,k1__k2__length_scale,2.722406352272798,9.999999999999997e-06,100000.00000000001,1.0015161775374222,-11.512925464970229,11.512925464970229,10.511409287432807,False,-396.0934367782048,True,0,,False
20260905T060819Z,concrete,3,k2__noise_level,0.06419079950850201,9.999999999999997e-06,100000.00000000001,-2.7458953883924746,-11.512925464970229,11.512925464970229,8.767030076577754,False,-396.0934367782048,True,0,,False
20260905T060819Z,concrete,4,k1__k1__constant_value,10.557305413094296,9.999999999999997e-06,100000.00000000001,2.356818076502357,-11.512925464970229,11.512925464970229,9.156107388467872,False,-386.5986766039691,True,0,,False
20260905T060819Z,concrete,4,k1__k2__length_scale,2.835376457734644,9.999999999999997e-06,100000.00000000001,1.0421747176883829,-11.512925464970229,11.512925464970229,10.470750747281846,False,-386.5986766039691,True,0,,False
20260905T060819Z,concrete,4,k2__noise_level,0.06381484367736709,9.999999999999997e-06,100000.00000000001,-2.7517694561725614,-11.512925464970229,11.512925464970229,8.761156008797666,False,-386.5986766039691,True,0,,False
20260905T060819Z,concrete,5,k1__k1__constant_value,11.184713359725249,9.999999999999997e-06,100000.00000000001,2.4145479674098884,-11.512925464970229,11.512925464970229,9.09837749756034,False,-402.8850824919858,True,0,,False
20260905T060819Z,concrete,5,k1__k2__length_scale,2.9177474351865924,9.999999999999997e-06,100000.00000000001,1.0708118922718426,-11.512925464970229,11.512925464970229,10.442113572698386,False,-402.8850824919858,True,0,,False
20260905T060819Z,concrete,5,k2__noise_level,0.06785710071966335,9.999999999999997e-06,100000.00000000001,-2.6903512449763842,-11.512925464970229,11.512925464970229,8.822574219993845,False,-402.8850824919858,True,0,,False
20260905T060819Z,concrete,6,k1__k1__constant_value,11.236520100303308,9.999999999999997e-06,100000.00000000001,2.419169196912546,-11.512925464970229,11.512925464970229,9.093756268057682,False,-411.3168627958265,True,0,,False
20260905T060819Z,concrete,6,k1__k2__length_scale,2.929708352247081,9.999999999999997e-06,100000.00000000001,1.0749028795924676,-11.512925464970229,11.512925464970229,10.43802258537776,False,-411.3168627958265,True,0,,False
20260905T060819Z,concrete,6,k2__noise_level,0.0704175275395525,9.999999999999997e-06,100000.00000000001,-2.65331307607393,-11.512925464970229,11.512925464970229,8.859612388896299,False,-411.3168627958265,True,0,,False
20260905T060819Z,concrete,7,k1__k1__constant_value,11.747237467674083,9.999999999999997e-06,100000.00000000001,2.463618103813562,-11.512925464970229,11.512925464970229,9.049307361156666,False,-400.3446071225742,True,0,,False
20260905T060819Z,concrete,7,k1__k2__length_scale,2.8156832463825405,9.999999999999997e-06,100000.00000000001,1.035204948440122,-11.512925464970229,11.512925464970229,10.477720516530107,False,-400.3446071225742,True,0,,False
20260905T060819Z,concrete,7,k2__noise_level,0.06396491512799486,9.999999999999997e-06,100000.00000000001,-2.749420547064721,-11.512925464970229,11.512925464970229,8.763504917905507,False,-400.3446071225742,True,0,,False
20260905T060819Z,concrete,8,k1__k1__constant_value,10.574489353909856,9.999999999999997e-06,100000.00000000001,2.358444435720087,-11.512925464970229,11.512925464970229,9.154481029250142,False,-425.92904959016715,True,0,,False
20260905T060819Z,concrete,8,k1__k2__length_scale,2.804329453670126,9.999999999999997e-06,100000.00000000001,1.0311644564466653,-11.512925464970229,11.512925464970229,10.481761008523563,False,-425.92904959016715,True,0,,False
20260905T060819Z,concrete,8,k2__noise_level,0.07076590147349968,9.999999999999997e-06,100000.00000000001,-2.6483780119034104,-11.512925464970229,11.512925464970229,8.864547453066818,False,-425.92904959016715,True,0,,False
20260905T060819Z,concrete,9,k1__k1__constant_value,11.592141167719433,9.999999999999997e-06,100000.00000000001,2.4503273829738563,-11.512925464970229,11.512925464970229,9.062598081996372,False,-420.37179736205957,True,0,,False
20260905T060819Z,concrete,9,k1__k2__length_scale,2.907075442884028,9.999999999999997e-06,100000.00000000001,1.0671475733844762,-11.512925464970229,11.512925464970229,10.445777891585752,False,-420.37179736205957,True,0,,False
20260905T060819Z,concrete,9,k2__noise_level,0.07070828366875834,9.999999999999997e-06,100000.00000000001,-2.6491925464825496,-11.512925464970229,11.512925464970229,8.86373291848768,False,-420.37179736205957,True,0,,False
20260905T060819Z,concrete,10,k1__k1__constant_value,10.846118754394787,9.999999999999997e-06,100000.00000000001,2.383807297500988,-11.512925464970229,11.512925464970229,9.12911816746924,False,-414.10799397233103,True,0,,False
20260905T060819Z,concrete,10,k1__k2__length_scale,2.844974999421569,9.999999999999997e-06,100000.00000000001,1.0455542799901472,-11.512925464970229,11.512925464970229,10.467371184980081,False,-414.10799397233103,True,0,,False
20260905T060819Z,concrete,10,k2__noise_level,0.06845273771847513,9.999999999999997e-06,100000.00000000001,-2.6816117321603476,-11.512925464970229,11.512925464970229,8.831313732809882,False,-414.10799397233103,True,0,,False
20260905T060819Z,concrete,11,k1__k1__constant_value,11.299154967095522,9.999999999999997e-06,100000.00000000001,2.4247279412490435,-11.512925464970229,11.512925464970229,9.088197523721185,False,-424.5677732350007,True,0,,False
20260905T060819Z,concrete,11,k1__k2__length_scale,2.9560321415712534,9.999999999999997e-06,100000.00000000001,1.0838478763594708,-11.512925464970229,11.512925464970229,10.429077588610758,False,-424.5677732350007,True,0,,False
20260905T060819Z,concrete,11,k2__noise_level,0.07339098710407516,9.999999999999997e-06,100000.00000000001,-2.611954142398774,-11.512925464970229,11.512925464970229,8.900971322571454,False,-424.5677732350007,True,0,,False
20260905T060819Z,concrete,12,k1__k1__constant_value,10.592410573349149,9.999999999999997e-06,100000.00000000001,2.3601377610330125,-11.512925464970229,11.512925464970229,9.152787703937216,False,-419.3001831181401,True,0,,False
20260905T060819Z,concrete,12,k1__k2__length_scale,2.899290326122889,9.999999999999997e-06,100000.00000000001,1.0644659919147568,-11.512925464970229,11.512925464970229,10.448459473055472,False,-419.3001831181401,True,0,,False
20260905T060819Z,concrete,12,k2__noise_level,0.07213065455654089,9.999999999999997e-06,100000.00000000001,-2.6292761578294983,-11.512925464970229,11.512925464970229,8.88364930714073,False,-419.3001831181401,True,0,,False
20260905T060819Z,concrete,13,k1__k1__constant_value,11.434548961101651,9.999999999999997e-06,100000.00000000001,2.4366393829803057,-11.512925464970229,11.512925464970229,9.076286081989924,False,-408.4171884783199,True,0,,False
20260905T060819Z,concrete,13,k1__k2__length_scale,2.9604532575557316,9.999999999999997e-06,100000.00000000001,1.0853423841657541,-11.512925464970229,11.512925464970229,10.427583080804474,False,-408.4171884783199,True,0,,False
20260905T060819Z,concrete,13,k2__noise_level,0.06966435280605442,9.999999999999997e-06,100000.00000000001,-2.6640665295472337,-11.512925464970229,11.512925464970229,8.848858935422996,False,-408.4171884783199,True,0,,False
20260905T060819Z,concrete,14,k1__k1__constant_value,11.642534075078935,9.999999999999997e-06,100000.00000000001,2.454665122653787,-11.512925464970229,11.512925464970229,9.05826034231644,False,-392.394674915136,True,0,,False
20260905T060819Z,concrete,14,k1__k2__length_scale,2.930182489080807,9.999999999999997e-06,100000.00000000001,1.0750647040522054,-11.512925464970229,11.512925464970229,10.437860760918023,False,-392.394674915136,True,0,,False
20260905T060819Z,concrete,14,k2__noise_level,0.06630122759662517,9.999999999999997e-06,100000.00000000001,-2.7135468661755335,-11.512925464970229,11.512925464970229,8.799378598794695,False,-392.394674915136,True,0,,False
20260905T060819Z,concrete,15,k1__k1__constant_value,11.71081581348632,9.999999999999997e-06,100000.00000000001,2.4605128432859327,-11.512925464970229,11.512925464970229,9.052412621684296,False,-404.3676092738111,True,0,,False
20260905T060819Z,concrete,15,k1__k2__length_scale,2.907613513239387,9.999999999999997e-06,100000.00000000001,1.0673326461754562,-11.512925464970229,11.512925464970229,10.445592818794772,False,-404.3676092738111,True,0,,False
20260905T060819Z,concrete,15,k2__noise_level,0.06732620076672555,9.999999999999997e-06,100000.00000000001,-2.698205805066983,-11.512925464970229,11.512925464970229,8.814719659903245,False,-404.3676092738111,True,0,,False
20260905T060819Z,concrete,16,k1__k1__constant_value,10.394417362507463,9.999999999999997e-06,100000.00000000001,2.3412688699562967,-11.512925464970229,11.512925464970229,9.171656595013932,False,-401.0056556251367,True,0,,False
20260905T060819Z,concrete,16,k1__k2__length_scale,2.8369703299949047,9.999999999999997e-06,100000.00000000001,1.0427366975397054,-11.512925464970229,11.512925464970229,10.470188767430523,False,-401.0056556251367,True,0,,False
20260905T060819Z,concrete,16,k2__noise_level,0.06665026676459924,9.999999999999997e-06,100000.00000000001,-2.708296229895823,-11.512925464970229,11.512925464970229,8.804629235074405,False,-401.0056556251367,True,0,,False
20260905T060819Z,concrete,17,k1__k1__constant_value,8.799913447002803,9.999999999999997e-06,100000.00000000001,2.174741885867928,-11.512925464970229,11.512925464970229,9.338183579102301,False,-403.8952501333214,True,0,,False
20260905T060819Z,concrete,17,k1__k2__length_scale,2.751564131836899,9.999999999999997e-06,100000.00000000001,1.0121695252005838,-11.512925464970229,11.512925464970229,10.500755939769645,False,-403.8952501333214,True,0,,False
20260905T060819Z,concrete,17,k2__noise_level,0.06781413521972507,9.999999999999997e-06,100000.00000000001,-2.6909846216988287,-11.512925464970229,11.512925464970229,8.821940843271399,False,-403.8952501333214,True,0,,False
20260905T060819Z,concrete,18,k1__k1__constant_value,10.942808533853945,9.999999999999997e-06,100000.00000000001,2.392682485605356,-11.512925464970229,11.512925464970229,9.120242979364873,False,-403.76724333208693,True,0,,False
20260905T060819Z,concrete,18,k1__k2__length_scale,2.7698625830425136,9.999999999999997e-06,100000.00000000001,1.0187977099587566,-11.512925464970229,11.512925464970229,10.494127755011473,False,-403.76724333208693,True,0,,False
20260905T060819Z,concrete,18,k2__noise_level,0.06492975048028367,9.999999999999997e-06,100000.00000000001,-2.7344493553725036,-11.512925464970229,11.512925464970229,8.778476109597726,False,-403.76724333208693,True,0,,False
20260905T060819Z,concrete,19,k1__k1__constant_value,12.38794674364873,9.999999999999997e-06,100000.00000000001,2.5167239630743286,-11.512925464970229,11.512925464970229,8.9962015018959,False,-421.68806973553285,True,0,,False
20260905T060819Z,concrete,19,k1__k2__length_scale,2.980106247693116,9.999999999999997e-06,100000.00000000001,1.091958953470033,-11.512925464970229,11.512925464970229,10.420966511500195,False,-421.68806973553285,True,0,,False
20260905T060819Z,concrete,19,k2__noise_level,0.07233201416363094,9.999999999999997e-06,100000.00000000001,-2.6264884516452476,-11.512925464970229,11.512925464970229,8.886437013324981,False,-421.68806973553285,True,0,,False
