run_id,method,dataset,split,seed,n_train,n_test,d,rmse,ll,picp95,mpiw95,sigma_fitted,cal_err,cal_bias,n_parameters,fit_seconds,variant,epochs,z,cal_levels,torch_threads,quick,cache
20260905T030246Z,map,yacht,0,0,277,31,6,0.6530324451851001,-1.0464496264846264,0.9032258064516129,2.064575673134031,0.5266871456361293,0.06052785923753665,0.030381231671554255,402,0.006,,4000,1.959963984540054,0.1|0.2|0.3|0.4|0.5|0.6|0.7|0.8|0.9|0.95|0.99,1,False,True
20260905T030246Z,mcd,yacht,0,0,277,31,6,1.9865675296783427,-2.357100196952728,0.9354838709677419,13.492380725708932,2.678012943409651,0.18727272727272723,0.15941348973607036,402,23.96,,4000,1.959963984540054,0.1|0.2|0.3|0.4|0.5|0.6|0.7|0.8|0.9|0.95|0.99,1,False,True
20260905T030246Z,ensemble,yacht,0,0,277,31,6,0.4171551350159616,-0.5520174547970682,0.967741935483871,2.2671967052141455,0.3956185592453386,0.21331378299120238,0.20926686217008797,2010,87.211,,4000,1.959963984540054,0.1|0.2|0.3|0.4|0.5|0.6|0.7|0.8|0.9|0.95|0.99,1,False,True
20260905T030246Z,bbb,yacht,0,0,277,31,6,0.5776973929869269,-1.0219416997948427,0.8709677419354839,1.605661929721392,0.4047356878030097,0.23354838709677422,-0.23354838709677422,803,46.322,,4000,1.959963984540054,0.1|0.2|0.3|0.4|0.5|0.6|0.7|0.8|0.9|0.95|0.99,1,False,True
20260905T030246Z,laplace,yacht,0,0,277,31,6,0.6530324451851001,-0.894137106414838,0.967741935483871,2.286810487963931,0.5266871456361293,0.07020527859237537,0.06557184750733139,402,0.608,,4000,1.959963984540054,0.1|0.2|0.3|0.4|0.5|0.6|0.7|0.8|0.9|0.95|0.99,1,False,True
20260905T030246Z,gp,yacht,0,0,277,31,6,0.5785596426669685,-0.3373600420964474,0.9032258064516129,0.9098953680580989,0.13075201647497367,0.033548387096774206,-0.01653958944281525,3,1.398,,4000,1.959963984540054,0.1|0.2|0.3|0.4|0.5|0.6|0.7|0.8|0.9|0.95|0.99,1,False,True
20260905T030246Z,map,yacht,1,1,277,31,6,0.5989672278648,-1.0623522200211963,0.8387096774193549,1.65603861703151,0.4224665937981847,0.08105571847507331,-0.07812316715542522,402,0.002,,4000,1.959963984540054,0.1|0.2|0.3|0.4|0.5|0.6|0.7|0.8|0.9|0.95|0.99,1,False,True
20260905T030246Z,mcd,yacht,1,1,277,31,6,1.9734617581775993,-2.367570301330123,1.0,14.200270297096369,2.780464981547359,0.15706744868035194,0.12422287390029328,402,23.634,,4000,1.959963984540054,0.1|0.2|0.3|0.4|0.5|0.6|0.7|0.8|0.9|0.95|0.99,1,False,True
20260905T030246Z,ensemble,yacht,1,1,277,31,6,0.49832469243600114,-0.5164970465577287,0.967741935483871,2.0010991828683,0.4127665098109502,0.13360703812316713,0.13302052785923754,2010,106.549,,4000,1.959963984540054,0.1|0.2|0.3|0.4|0.5|0.6|0.7|0.8|0.9|0.95|0.99,1,False,True
20260905T030246Z,bbb,yacht,1,1,277,31,6,0.6134812468872909,-1.2413618839876108,0.8064516129032258,1.502161581594137,0.37782361814800486,0.20129032258064516,-0.20129032258064516,803,40.499,,4000,1.959963984540054,0.1|0.2|0.3|0.4|0.5|0.6|0.7|0.8|0.9|0.95|0.99,1,False,True
20260905T030246Z,laplace,yacht,1,1,277,31,6,0.5989672278648,-0.7618678243460062,0.967741935483871,1.978274814949131,0.4224665937981847,0.033900293255131976,-0.022404692082111436,402,0.592,,4000,1.959963984540054,0.1|0.2|0.3|0.4|0.5|0.6|0.7|0.8|0.9|0.95|0.99,1,False,True
20260905T030246Z,gp,yacht,1,1,277,31,6,0.3398037718154381,0.07483801416260293,1.0,1.0891876589766496,0.16103116052904196,0.05090909090909091,-0.004809384164222865,3,1.02,,4000,1.959963984540054,0.1|0.2|0.3|0.4|0.5|0.6|0.7|0.8|0.9|0.95|0.99,1,False,True
20260905T030246Z,map,yacht,2,2,277,31,6,0.46215183292563283,-0.6491800981382134,0.967741935483871,1.7315891394622385,0.4417400404091078,0.1487976539589443,0.1447507331378299,402,0.002,,4000,1.959963984540054,0.1|0.2|0.3|0.4|0.5|0.6|0.7|0.8|0.9|0.95|0.99,1,False,True
20260905T030246Z,mcd,yacht,2,2,277,31,6,1.0985686185448407,-2.2465712138991685,1.0,13.924036592649838,2.684733170639317,0.30897360703812315,0.30897360703812315,402,20.8,,4000,1.959963984540054,0.1|0.2|0.3|0.4|0.5|0.6|0.7|0.8|0.9|0.95|0.99,1,False,True
20260905T030246Z,ensemble,yacht,2,2,277,31,6,0.30172589105102005,-0.321289894292807,0.967741935483871,1.938096338529916,0.4117792954173222,0.27378299120234606,0.27378299120234606,2010,97.299,,4000,1.959963984540054,0.1|0.2|0.3|0.4|0.5|0.6|0.7|0.8|0.9|0.95|0.99,1,False,True
20260905T030246Z,bbb,yacht,2,2,277,31,6,0.3422559779289656,-0.410329951019957,1.0,1.766742407685752,0.4472316208312189,0.08023460410557186,0.08023460410557186,803,40.488,,4000,1.959963984540054,0.1|0.2|0.3|0.4|0.5|0.6|0.7|0.8|0.9|0.95|0.99,1,False,True
20260905T030246Z,laplace,yacht,2,2,277,31,6,0.46215183292563283,-0.541273276276627,0.967741935483871,1.9339198581488295,0.4417400404091078,0.17519061583577714,0.17114369501466278,402,0.597,,4000,1.959963984540054,0.1|0.2|0.3|0.4|0.5|0.6|0.7|0.8|0.9|0.95|0.99,1,False,True
20260905T030246Z,gp,yacht,2,2,277,31,6,0.3499298640914283,0.01979297741375533,0.9354838709677419,1.1221748778273006,0.16497428766666505,0.10158357771260997,0.0948973607038123,3,1.072,,4000,1.959963984540054,0.1|0.2|0.3|0.4|0.5|0.6|0.7|0.8|0.9|0.95|0.99,1,False,True
20260905T030246Z,map,yacht,3,3,277,31,6,0.5855215499859581,-0.9845604644556487,0.8387096774193549,1.722138712434123,0.43932917288739326,0.10099706744868034,0.04797653958944282,402,0.013,,4000,1.959963984540054,0.1|0.2|0.3|0.4|0.5|0.6|0.7|0.8|0.9|0.95|0.99,1,False,True
20260905T030246Z,mcd,yacht,3,3,277,31,6,2.0469320212290953,-2.3838845957654615,0.967741935483871,13.717289045122982,2.830349202587178,0.23859237536656888,0.23859237536656888,402,21.19,,4000,1.959963984540054,0.1|0.2|0.3|0.4|0.5|0.6|0.7|0.8|0.9|0.95|0.99,1,False,True
20260905T030246Z,ensemble,yacht,3,3,277,31,6,0.7404820337030288,-0.7357070805713498,0.9354838709677419,2.3382050231797553,0.3935727562468271,0.1332551319648094,0.12129032258064516,2010,96.768,,4000,1.959963984540054,0.1|0.2|0.3|0.4|0.5|0.6|0.7|0.8|0.9|0.95|0.99,1,False,True
20260905T030246Z,bbb,yacht,3,3,277,31,6,0.6431826262933006,-1.1985512379585357,0.8387096774193549,1.6726188545796348,0.4236244354584168,0.10392961876832843,0.04504398826979473,803,40.257,,4000,1.959963984540054,0.1|0.2|0.3|0.4|0.5|0.6|0.7|0.8|0.9|0.95|0.99,1,False,True
20260905T030246Z,laplace,yacht,3,3,277,31,6,0.5855215499859581,-0.8101500523744569,0.8387096774193549,2.0496855060142787,0.43932917288739326,0.1244574780058651,0.08903225806451616,402,0.63,,4000,1.959963984540054,0.1|0.2|0.3|0.4|0.5|0.6|0.7|0.8|0.9|0.95|0.99,1,False,True
20260905T030246Z,gp,yacht,3,3,277,31,6,0.4892136242098245,-0.39802818502068876,0.8387096774193549,0.941131839513518,0.12888500536953587,0.0716715542521994,-0.060527859237536646,3,0.746,,4000,1.959963984540054,0.1|0.2|0.3|0.4|0.5|0.6|0.7|0.8|0.9|0.95|0.99,1,False,True
20260905T030246Z,map,yacht,4,4,277,31,6,0.5669942882796688,-1.1445255076947396,0.8387096774193549,1.404615915099634,0.3583269708471854,0.0839882697947214,-0.042932551319648085,402,0.002,,4000,1.959963984540054,0.1|0.2|0.3|0.4|0.5|0.6|0.7|0.8|0.9|0.95|0.99,1,False,True
20260905T030246Z,mcd,yacht,4,4,277,31,6,2.0111368528060023,-2.388832078722319,0.967741935483871,13.819124353476715,2.755558879034752,0.20926686217008797,0.20926686217008797,402,20.798,,4000,1.959963984540054,0.1|0.2|0.3|0.4|0.5|0.6|0.7|0.8|0.9|0.95|0.99,1,False,True
20260905T030246Z,ensemble,yacht,4,4,277,31,6,0.39662672185033615,-0.48317934501692916,1.0,2.110505677567169,0.4050236836715609,0.14181818181818182,0.14181818181818182,2010,96.537,,4000,1.959963984540054,0.1|0.2|0.3|0.4|0.5|0.6|0.7|0.8|0.9|0.95|0.99,1,False,True
20260905T030246Z,bbb,yacht,4,4,277,31,6,0.5901007877496752,-0.9723940259094244,0.8709677419354839,1.7746757598414367,0.44955267272485494,0.08692082111436948,0.045043988269794714,803,41.139,,4000,1.959963984540054,0.1|0.2|0.3|0.4|0.5|0.6|0.7|0.8|0.9|0.95|0.99,1,False,True
20260905T030246Z,laplace,yacht,4,4,277,31,6,0.5669942882796688,-0.6662350156119943,0.9032258064516129,1.8253726818330653,0.3583269708471854,0.0412316715542522,0.02158357771260997,402,0.591,,4000,1.959963984540054,0.1|0.2|0.3|0.4|0.5|0.6|0.7|0.8|0.9|0.95|0.99,1,False,True
20260905T030246Z,gp,yacht,4,4,277,31,6,0.48568965671611464,-0.12730029792371633,0.967741935483871,1.165746835515545,0.15455814252718128,0.05788856304985337,-0.01947214076246334,3,1.105,,4000,1.959963984540054,0.1|0.2|0.3|0.4|0.5|0.6|0.7|0.8|0.9|0.95|0.99,1,False,True
20260905T030246Z,map,yacht,5,5,277,31,6,0.3965646753253958,-0.49449913595894707,0.967741935483871,1.5890741619648328,0.40538351074286266,0.06263929618768328,-0.04586510263929619,402,0.014,,4000,1.959963984540054,0.1|0.2|0.3|0.4|0.5|0.6|0.7|0.8|0.9|0.95|0.99,1,False,True
20260905T030246Z,mcd,yacht,5,5,277,31,6,1.040440014813055,-2.2326575476592874,1.0,13.876613472689884,2.7098307658678453,0.2884457478005865,0.2884457478005865,402,20.798,,4000,1.959963984540054,0.1|0.2|0.3|0.4|0.5|0.6|0.7|0.8|0.9|0.95|0.99,1,False,True
20260905T030246Z,ensemble,yacht,5,5,277,31,6,0.46830642346830986,-0.46172235017496455,0.967741935483871,2.029217946632114,0.4193974853064519,0.15706744868035188,0.15648093841642227,2010,96.519,,4000,1.959963984540054,0.1|0.2|0.3|0.4|0.5|0.6|0.7|0.8|0.9|0.95|0.99,1,False,True
20260905T030246Z,bbb,yacht,5,5,277,31,6,0.43060110454753164,-0.5755541770371927,0.9354838709677419,1.7195424927823966,0.4326906712252285,0.11038123167155424,0.10369501466275662,803,40.631,,4000,1.959963984540054,0.1|0.2|0.3|0.4|0.5|0.6|0.7|0.8|0.9|0.95|0.99,1,False,True
20260905T030246Z,laplace,yacht,5,5,277,31,6,0.3965646753253958,-0.5333310960217094,1.0,1.9156582828275948,0.40538351074286266,0.06263929618768328,0.015718475073313785,402,0.587,,4000,1.959963984540054,0.1|0.2|0.3|0.4|0.5|0.6|0.7|0.8|0.9|0.95|0.99,1,False,True
20260905T030246Z,gp,yacht,5,5,277,31,6,0.34632600646878153,-0.2299225036653188,0.9354838709677419,1.1048730204922044,0.15241911532743185,0.05055718475073314,-0.04586510263929619,3,0.941,,4000,1.959963984540054,0.1|0.2|0.3|0.4|0.5|0.6|0.7|0.8|0.9|0.95|0.99,1,False,True
20260905T030246Z,map,yacht,6,6,277,31,6,0.40061656910242505,-0.533495619944667,1.0,1.8830070042700833,0.48036775653098773,0.07202346041055717,0.02158357771260996,402,0.012,,4000,1.959963984540054,0.1|0.2|0.3|0.4|0.5|0.6|0.7|0.8|0.9|0.95|0.99,1,False,True
20260905T030246Z,mcd,yacht,6,6,277,31,6,1.2742713652559492,-2.2566311524276057,1.0,13.999541831395499,2.758893026122607,0.2450439882697947,0.22686217008797652,402,20.519,,4000,1.959963984540054,0.1|0.2|0.3|0.4|0.5|0.6|0.7|0.8|0.9|0.95|0.99,1,False,True
20260905T030246Z,ensemble,yacht,6,6,277,31,6,0.3653083556550828,-0.5351457324290647,0.9354838709677419,2.204008088644355,0.43697952385680283,0.18551319648093836,0.18287390029325507,2010,96.818,,4000,1.959963984540054,0.1|0.2|0.3|0.4|0.5|0.6|0.7|0.8|0.9|0.95|0.99,1,False,True
20260905T030246Z,bbb,yacht,6,6,277,31,6,0.3722714152069364,-0.47442276797576893,0.9354838709677419,1.825113100810314,0.4616959263180483,0.12099706744868034,0.11835777126099707,803,40.709,,4000,1.959963984540054,0.1|0.2|0.3|0.4|0.5|0.6|0.7|0.8|0.9|0.95|0.99,1,False,True
20260905T030246Z,laplace,yacht,6,6,277,31,6,0.40061656910242505,-0.5737058710265671,1.0,2.1095101502192763,0.48036775653098773,0.09548387096774195,0.04504398826979472,402,0.604,,4000,1.959963984540054,0.1|0.2|0.3|0.4|0.5|0.6|0.7|0.8|0.9|0.95|0.99,1,False,True
20260905T030246Z,gp,yacht,6,6,277,31,6,0.30768885242876143,-0.3905199938559929,0.8387096774193549,0.8590233402347957,0.14270129581237517,0.04645161290322581,-0.019472140762463334,3,1.038,,4000,1.959963984540054,0.1|0.2|0.3|0.4|0.5|0.6|0.7|0.8|0.9|0.95|0.99,1,False,True
20260905T030246Z,map,yacht,7,7,277,31,6,0.5523613866022011,-0.8604236054160995,0.967741935483871,1.8154303916706176,0.4631285079701722,0.11360703812316714,0.10956011730205278,402,0.01,,4000,1.959963984540054,0.1|0.2|0.3|0.4|0.5|0.6|0.7|0.8|0.9|0.95|0.99,1,False,True
20260905T030246Z,mcd,yacht,7,7,277,31,6,2.4551939315780738,-2.4648836119450017,0.967741935483871,13.215620790493738,2.604020503251629,0.21624633431085039,0.21219941348973598,402,20.782,,4000,1.959963984540054,0.1|0.2|0.3|0.4|0.5|0.6|0.7|0.8|0.9|0.95|0.99,1,False,True
20260905T030246Z,ensemble,yacht,7,7,277,31,6,0.5088076596955112,-0.572057346291465,1.0,2.3380014807246186,0.4272343159886518,0.18873900293255133,0.18873900293255133,2010,97.09,,4000,1.959963984540054,0.1|0.2|0.3|0.4|0.5|0.6|0.7|0.8|0.9|0.95|0.99,1,False,True
20260905T030246Z,bbb,yacht,7,7,277,31,6,0.7219737895234397,-1.6662594880183834,0.9032258064516129,1.532297483661906,0.38730353443799787,0.04058651026392963,-0.03120234604105573,803,40.801,,4000,1.959963984540054,0.1|0.2|0.3|0.4|0.5|0.6|0.7|0.8|0.9|0.95|0.99,1,False,True
20260905T030246Z,laplace,yacht,7,7,277,31,6,0.5523613866022011,-0.5670080979598363,0.967741935483871,2.1187701191166264,0.4631285079701722,0.15466275659824047,0.1506158357771261,402,0.597,,4000,1.959963984540054,0.1|0.2|0.3|0.4|0.5|0.6|0.7|0.8|0.9|0.95|0.99,1,False,True
20260905T030246Z,gp,yacht,7,7,277,31,6,0.3645575405256136,-0.2649238716147978,0.8709677419354839,0.9963285366541518,0.16581230797751495,0.05114369501466276,-0.019472140762463345,3,0.88,,4000,1.959963984540054,0.1|0.2|0.3|0.4|0.5|0.6|0.7|0.8|0.9|0.95|0.99,1,False,True
20260905T030246Z,map,yacht,8,8,277,31,6,0.5035649614326093,-0.7369972902040665,0.967741935483871,1.8539669632066167,0.47295944666087536,0.07431085043988271,0.06850439882697949,402,0.014,,4000,1.959963984540054,0.1|0.2|0.3|0.4|0.5|0.6|0.7|0.8|0.9|0.95|0.99,1,False,True
20260905T030246Z,mcd,yacht,8,8,277,31,6,1.048280641440835,-2.2080821963422577,1.0,13.546657183622221,2.7074834278365514,0.27085043988269797,0.27085043988269797,402,20.632,,4000,1.959963984540054,0.1|0.2|0.3|0.4|0.5|0.6|0.7|0.8|0.9|0.95|0.99,1,False,True
20260905T030246Z,ensemble,yacht,8,8,277,31,6,0.29273862465926237,-0.37014461988162617,1.0,1.9460767972454323,0.4050556623572585,0.1975366568914956,0.1975366568914956,2010,96.995,,4000,1.959963984540054,0.1|0.2|0.3|0.4|0.5|0.6|0.7|0.8|0.9|0.95|0.99,1,False,True
20260905T030246Z,bbb,yacht,8,8,277,31,6,0.3620376602591428,-0.4363946895496445,0.967741935483871,1.7241995862034238,0.4362077278831851,0.0901466275659824,0.07730205278592375,803,40.81,,4000,1.959963984540054,0.1|0.2|0.3|0.4|0.5|0.6|0.7|0.8|0.9|0.95|0.99,1,False,True
20260905T030246Z,laplace,yacht,8,8,277,31,6,0.5035649614326093,-0.5989015884604638,0.967741935483871,2.1614460396683275,0.47295944666087536,0.11131964809384165,0.10956011730205278,402,0.574,,4000,1.959963984540054,0.1|0.2|0.3|0.4|0.5|0.6|0.7|0.8|0.9|0.95|0.99,1,False,True
20260905T030246Z,gp,yacht,8,8,277,31,6,0.29673073900709057,-0.19127525563747197,0.9354838709677419,0.935012196955758,0.14960118476703438,0.06052785923753665,-0.06052785923753665,3,1.5,,4000,1.959963984540054,0.1|0.2|0.3|0.4|0.5|0.6|0.7|0.8|0.9|0.95|0.99,1,False,True
20260905T030246Z,map,yacht,9,9,277,31,6,0.4069476947138295,-0.5229301180776963,0.967741935483871,1.6877219488636752,0.4305492249286749,0.09196480938416424,-0.040000000000000015,402,0.011,,4000,1.959963984540054,0.1|0.2|0.3|0.4|0.5|0.6|0.7|0.8|0.9|0.95|0.99,1,False,True
20260905T030246Z,mcd,yacht,9,9,277,31,6,0.952807086241073,-2.2519581056780025,1.0,14.22863459009366,2.8251051990291804,0.3236363636363636,0.3236363636363636,402,20.923,,4000,1.959963984540054,0.1|0.2|0.3|0.4|0.5|0.6|0.7|0.8|0.9|0.95|0.99,1,False,True
20260905T030246Z,ensemble,yacht,9,9,277,31,6,0.3557998747613329,-0.47159250142834436,1.0,1.985636776384544,0.3857837560077058,0.09372434017595309,0.07436950146627566,2010,93.686,,4000,1.959963984540054,0.1|0.2|0.3|0.4|0.5|0.6|0.7|0.8|0.9|0.95|0.99,1,False,True
20260905T030246Z,bbb,yacht,9,9,277,31,6,0.6750607059080044,-1.126226583740024,0.8709677419354839,1.9677741984917025,0.49589028129645923,0.052316715542522,-0.039999999999999994,803,39.229,,4000,1.959963984540054,0.1|0.2|0.3|0.4|0.5|0.6|0.7|0.8|0.9|0.95|0.99,1,False,True
20260905T030246Z,laplace,yacht,9,9,277,31,6,0.4069476947138295,-0.5316333586695271,1.0,1.924862329583559,0.4305492249286749,0.08609970674486804,0.015718475073313785,402,0.548,,4000,1.959963984540054,0.1|0.2|0.3|0.4|0.5|0.6|0.7|0.8|0.9|0.95|0.99,1,False,True
20260905T030246Z,gp,yacht,9,9,277,31,6,0.20518513821303344,0.18255834600074805,0.967741935483871,1.0091052143278427,0.16636961933593863,0.05090909090909091,0.04797653958944281,3,1.032,,4000,1.959963984540054,0.1|0.2|0.3|0.4|0.5|0.6|0.7|0.8|0.9|0.95|0.99,1,False,True
20260905T030246Z,map,yacht,10,10,277,31,6,0.49136919283277375,-0.7089970623295568,0.9032258064516129,1.9750267862338025,0.5038426220615686,0.052375366568914956,0.03917888563049853,402,0.011,,4000,1.959963984540054,0.1|0.2|0.3|0.4|0.5|0.6|0.7|0.8|0.9|0.95|0.99,1,False,True
20260905T030246Z,mcd,yacht,10,10,277,31,6,1.7699174920096523,-2.320467728370754,1.0,13.521382815762413,2.8158655862861655,0.2034017595307918,0.2034017595307918,402,20.078,,4000,1.959963984540054,0.1|0.2|0.3|0.4|0.5|0.6|0.7|0.8|0.9|0.95|0.99,1,False,True
20260905T030246Z,ensemble,yacht,10,10,277,31,6,0.4948556821794792,-0.7971628940380693,0.9354838709677419,2.5637302107960576,0.4255925598296641,0.15436950146627565,0.14768328445747803,2010,93.331,,4000,1.959963984540054,0.1|0.2|0.3|0.4|0.5|0.6|0.7|0.8|0.9|0.95|0.99,1,False,True
20260905T030246Z,bbb,yacht,10,10,277,31,6,0.8961637920656254,-2.1958185062972375,0.7419354838709677,1.7064179655617535,0.43190864072684876,0.16609970674486804,-0.16609970674486804,803,39.077,,4000,1.959963984540054,0.1|0.2|0.3|0.4|0.5|0.6|0.7|0.8|0.9|0.95|0.99,1,False,True
20260905T030246Z,laplace,yacht,10,10,277,31,6,0.49136919283277375,-0.7334092195985981,0.967741935483871,2.386791211492718,0.5038426220615686,0.09489736070381233,0.09489736070381233,402,0.559,,4000,1.959963984540054,0.1|0.2|0.3|0.4|0.5|0.6|0.7|0.8|0.9|0.95|0.99,1,False,True
20260905T030246Z,gp,yacht,10,10,277,31,6,0.6903482245612934,-0.2970654796215366,0.9354838709677419,1.0521207738185432,0.13372344274955592,0.06346041055718475,-0.06346041055718475,3,1.162,,4000,1.959963984540054,0.1|0.2|0.3|0.4|0.5|0.6|0.7|0.8|0.9|0.95|0.99,1,False,True
20260905T030246Z,map,yacht,11,11,277,31,6,0.9938495819087674,-2.439272629095591,0.9032258064516129,1.8217443096982633,0.46473923094198427,0.06815249266862168,0.047976539589442806,402,0.016,,4000,1.959963984540054,0.1|0.2|0.3|0.4|0.5|0.6|0.7|0.8|0.9|0.95|0.99,1,False,True
20260905T030246Z,mcd,yacht,11,11,277,31,6,1.6360747679589394,-2.3344392331541224,0.967741935483871,13.897173486613918,2.754116433534331,0.28369501466275665,0.27964809384164224,402,19.989,,4000,1.959963984540054,0.1|0.2|0.3|0.4|0.5|0.6|0.7|0.8|0.9|0.95|0.99,1,False,True
20260905T030246Z,ensemble,yacht,11,11,277,31,6,0.9896979145730386,-0.7451431742653222,0.9354838709677419,1.9849404906333183,0.3882981985561871,0.16609970674486801,0.1594134897360704,2010,93.039,,4000,1.959963984540054,0.1|0.2|0.3|0.4|0.5|0.6|0.7|0.8|0.9|0.95|0.99,1,False,True
20260905T030246Z,bbb,yacht,11,11,277,31,6,1.1392159615005562,-3.9302430040363836,0.9032258064516129,1.5962635494856827,0.4014623071091168,0.06287390029325512,0.033313782991202336,803,38.741,,4000,1.959963984540054,0.1|0.2|0.3|0.4|0.5|0.6|0.7|0.8|0.9|0.95|0.99,1,False,True
20260905T030246Z,laplace,yacht,11,11,277,31,6,0.9938495819087674,-1.0035913910279695,0.967741935483871,2.155391765745341,0.46473923094198427,0.0901466275659824,0.08609970674486804,402,0.557,,4000,1.959963984540054,0.1|0.2|0.3|0.4|0.5|0.6|0.7|0.8|0.9|0.95|0.99,1,False,True
20260905T030246Z,gp,yacht,11,11,277,31,6,0.7833104599974645,-0.057726764399086423,0.9354838709677419,1.0367905294715518,0.1607697270066662,0.044692082111436944,-0.007741935483870984,3,1.085,,4000,1.959963984540054,0.1|0.2|0.3|0.4|0.5|0.6|0.7|0.8|0.9|0.95|0.99,1,False,True
20260905T030246Z,map,yacht,12,12,277,31,6,0.5453455974088441,-1.124638144562956,0.9032258064516129,1.3343308850063327,0.34039678676020707,0.06873900293255132,0.03917888563049853,402,0.002,,4000,1.959963984540054,0.1|0.2|0.3|0.4|0.5|0.6|0.7|0.8|0.9|0.95|0.99,1,False,True
20260905T030246Z,mcd,yacht,12,12,277,31,6,1.694701188747863,-2.328877310751864,1.0,13.838145829037353,2.813390915236671,0.24445747800586515,0.24445747800586515,402,20.506,,4000,1.959963984540054,0.1|0.2|0.3|0.4|0.5|0.6|0.7|0.8|0.9|0.95|0.99,1,False,True
20260905T030246Z,ensemble,yacht,12,12,277,31,6,0.41821176013363753,-0.4795350158261532,1.0,2.315940705111066,0.42456320239208645,0.24445747800586515,0.24445747800586515,2010,92.964,,4000,1.959963984540054,0.1|0.2|0.3|0.4|0.5|0.6|0.7|0.8|0.9|0.95|0.99,1,False,True
20260905T030246Z,bbb,yacht,12,12,277,31,6,0.48307099085784744,-0.7016243600531118,0.9032258064516129,1.7008964357363552,0.42901116326246475,0.06404692082111436,0.045043988269794714,803,39.423,,4000,1.959963984540054,0.1|0.2|0.3|0.4|0.5|0.6|0.7|0.8|0.9|0.95|0.99,1,False,True
20260905T030246Z,laplace,yacht,12,12,277,31,6,0.5453455974088441,-0.4932453662456113,0.9354838709677419,1.7251830039512177,0.34039678676020707,0.10451612903225806,0.09782991202346043,402,0.555,,4000,1.959963984540054,0.1|0.2|0.3|0.4|0.5|0.6|0.7|0.8|0.9|0.95|0.99,1,False,True
20260905T030246Z,gp,yacht,12,12,277,31,6,0.42521753459151773,0.10981618674043961,0.967741935483871,1.12917045656671,0.1503670470660592,0.09366568914956011,0.08903225806451612,3,0.903,,4000,1.959963984540054,0.1|0.2|0.3|0.4|0.5|0.6|0.7|0.8|0.9|0.95|0.99,1,False,True
20260905T030246Z,map,yacht,13,13,277,31,6,0.6129692029028359,-1.2871405168898982,0.8064516129032258,1.4586420531143462,0.3721094021675726,0.0898533724340176,-0.0898533724340176,402,0.002,,4000,1.959963984540054,0.1|0.2|0.3|0.4|0.5|0.6|0.7|0.8|0.9|0.95|0.99,1,False,True
20260905T030246Z,mcd,yacht,13,13,277,31,6,1.4787032142386272,-2.3117523573603647,1.0,14.257027054937174,2.9317706318247962,0.2679178885630499,0.2679178885630499,402,20.123,,4000,1.959963984540054,0.1|0.2|0.3|0.4|0.5|0.6|0.7|0.8|0.9|0.95|0.99,1,False,True
20260905T030246Z,ensemble,yacht,13,13,277,31,6,0.5455091990629425,-0.7074999844560479,0.9354838709677419,2.1692143763846032,0.3963653875553534,0.09988269794721405,0.09196480938416421,2010,92.82,,4000,1.959963984540054,0.1|0.2|0.3|0.4|0.5|0.6|0.7|0.8|0.9|0.95|0.99,1,False,True
20260905T030246Z,bbb,yacht,13,13,277,31,6,0.5993955695569805,-0.9072440456548565,0.8709677419354839,2.260711865800621,0.5717373776102881,0.045923753665689154,-0.025337243401759527,803,38.825,,4000,1.959963984540054,0.1|0.2|0.3|0.4|0.5|0.6|0.7|0.8|0.9|0.95|0.99,1,False,True
20260905T030246Z,laplace,yacht,13,13,277,31,6,0.6129692029028359,-0.7940013877005393,0.9032258064516129,1.8341508734432581,0.3721094021675726,0.04234604105571848,-0.03413489736070381,402,0.542,,4000,1.959963984540054,0.1|0.2|0.3|0.4|0.5|0.6|0.7|0.8|0.9|0.95|0.99,1,False,True
20260905T030246Z,gp,yacht,13,13,277,31,6,0.5303057255839766,-0.4080948413092625,0.8064516129032258,0.8188151618859354,0.12308622323377168,0.13090909090909095,-0.13090909090909095,3,1.439,,4000,1.959963984540054,0.1|0.2|0.3|0.4|0.5|0.6|0.7|0.8|0.9|0.95|0.99,1,False,True
20260905T030246Z,map,yacht,14,14,277,31,6,0.5388804086494844,-0.8629597443832367,0.9032258064516129,1.6776454026373688,0.42797863018668264,0.08750733137829912,0.06263929618768328,402,0.01,,4000,1.959963984540054,0.1|0.2|0.3|0.4|0.5|0.6|0.7|0.8|0.9|0.95|0.99,1,False,True
20260905T030246Z,mcd,yacht,14,14,277,31,6,2.1527764801755342,-2.400760926511666,0.967741935483871,13.525667463146029,2.7362445057361917,0.23090909090909098,0.2268621700879766,402,19.896,,4000,1.959963984540054,0.1|0.2|0.3|0.4|0.5|0.6|0.7|0.8|0.9|0.95|0.99,1,False,True
20260905T030246Z,ensemble,yacht,14,14,277,31,6,0.563935382596323,-0.710421704511215,0.967741935483871,2.213513997974461,0.44092025523699196,0.14058651026392965,0.13595307917888563,2010,93.482,,4000,1.959963984540054,0.1|0.2|0.3|0.4|0.5|0.6|0.7|0.8|0.9|0.95|0.99,1,False,True
20260905T030246Z,bbb,yacht,14,14,277,31,6,0.7860420113565582,-1.725304772480179,0.9032258064516129,1.6924741490894388,0.4271164964869309,0.05700879765395895,0.027448680351906164,803,39.057,,4000,1.959963984540054,0.1|0.2|0.3|0.4|0.5|0.6|0.7|0.8|0.9|0.95|0.99,1,False,True
20260905T030246Z,laplace,yacht,14,14,277,31,6,0.5388804086494844,-0.6313695890835689,0.9354838709677419,2.0498458205647605,0.42797863018668264,0.11278592375366568,0.1095601173020528,402,0.582,,4000,1.959963984540054,0.1|0.2|0.3|0.4|0.5|0.6|0.7|0.8|0.9|0.95|0.99,1,False,True
20260905T030246Z,gp,yacht,14,14,277,31,6,0.36080897379668103,-0.24775846077679656,0.8387096774193549,0.9321937992886278,0.1492490601807495,0.09219941348973607,-0.0869208211143695,3,1.104,,4000,1.959963984540054,0.1|0.2|0.3|0.4|0.5|0.6|0.7|0.8|0.9|0.95|0.99,1,False,True
20260905T030246Z,map,yacht,15,15,277,31,6,0.38837646191881464,-0.5034996751390672,0.8709677419354839,1.2913120450402167,0.3294223912342069,0.07460410557184749,0.03917888563049852,402,0.002,,4000,1.959963984540054,0.1|0.2|0.3|0.4|0.5|0.6|0.7|0.8|0.9|0.95|0.99,1,False,True
20260905T030246Z,mcd,yacht,15,15,277,31,6,1.3333953835438643,-2.253321090093265,1.0,13.501943142681032,2.6662828523821154,0.24739002932551324,0.24739002932551324,402,20.326,,4000,1.959963984540054,0.1|0.2|0.3|0.4|0.5|0.6|0.7|0.8|0.9|0.95|0.99,1,False,True
20260905T030246Z,ensemble,yacht,15,15,277,31,6,0.43406600828257497,-0.5296462280339841,0.967741935483871,2.2747811887380975,0.4506239521344564,0.17700879765395897,0.17700879765395897,2010,93.673,,4000,1.959963984540054,0.1|0.2|0.3|0.4|0.5|0.6|0.7|0.8|0.9|0.95|0.99,1,False,True
20260905T030246Z,bbb,yacht,15,15,277,31,6,0.2670798365765138,-0.24945313157345064,1.0,1.6362507857442266,0.41487653278607456,0.13653958944281525,0.13595307917888563,803,39.22,,4000,1.959963984540054,0.1|0.2|0.3|0.4|0.5|0.6|0.7|0.8|0.9|0.95|0.99,1,False,True
20260905T030246Z,laplace,yacht,15,15,277,31,6,0.38837646191881464,-0.36781924855532694,0.967741935483871,1.631810835044877,0.3294223912342069,0.08609970674486804,0.08609970674486804,402,0.554,,4000,1.959963984540054,0.1|0.2|0.3|0.4|0.5|0.6|0.7|0.8|0.9|0.95|0.99,1,False,True
20260905T030246Z,gp,yacht,15,15,277,31,6,0.22778100754160996,0.182805456015637,1.0,1.007857423571615,0.1644236482699945,0.07788856304985338,0.07730205278592375,3,0.921,,4000,1.959963984540054,0.1|0.2|0.3|0.4|0.5|0.6|0.7|0.8|0.9|0.95|0.99,1,False,True
20260905T030246Z,map,yacht,16,16,277,31,6,0.4111610005972382,-0.5391955606759697,0.9354838709677419,1.7778816953350853,0.45354958288998926,0.1004692082111437,0.09196480938416421,402,0.012,,4000,1.959963984540054,0.1|0.2|0.3|0.4|0.5|0.6|0.7|0.8|0.9|0.95|0.99,1,False,True
20260905T030246Z,mcd,yacht,16,16,277,31,6,1.486925751605694,-2.281445369871735,1.0,13.458300749321086,2.629573410649343,0.2649853372434018,0.2649853372434018,402,20.019,,4000,1.959963984540054,0.1|0.2|0.3|0.4|0.5|0.6|0.7|0.8|0.9|0.95|0.99,1,False,True
20260905T030246Z,ensemble,yacht,16,16,277,31,6,0.3064460654126461,-0.3562695362386488,0.967741935483871,1.8903804719784845,0.40236724388691647,0.19167155425219942,0.19167155425219942,2010,93.323,,4000,1.959963984540054,0.1|0.2|0.3|0.4|0.5|0.6|0.7|0.8|0.9|0.95|0.99,1,False,True
20260905T030246Z,bbb,yacht,16,16,277,31,6,0.3933754095088409,-0.4852925382439859,0.9032258064516129,1.5105260718959475,0.3826820806748088,0.03126099706744866,0.009853372434017592,803,39.151,,4000,1.959963984540054,0.1|0.2|0.3|0.4|0.5|0.6|0.7|0.8|0.9|0.95|0.99,1,False,True
20260905T030246Z,laplace,yacht,16,16,277,31,6,0.4111610005972382,-0.5683471202912453,1.0,2.109004343120868,0.45354958288998926,0.13888563049853372,0.13888563049853372,402,0.541,,4000,1.959963984540054,0.1|0.2|0.3|0.4|0.5|0.6|0.7|0.8|0.9|0.95|0.99,1,False,True
20260905T030246Z,gp,yacht,16,16,277,31,6,0.6213734002350764,-0.22865405190024737,0.9354838709677419,1.8996630254138496,0.15173046497452702,0.0781231671554252,0.07143695014662754,3,1.367,,4000,1.959963984540054,0.1|0.2|0.3|0.4|0.5|0.6|0.7|0.8|0.9|0.95|0.99,1,False,True
20260905T030246Z,map,yacht,17,17,277,31,6,0.6783739121053161,-1.6351304034596799,0.8709677419354839,1.432567950516628,0.36545772315627767,0.04000000000000001,-0.028269794721407625,402,0.002,,4000,1.959963984540054,0.1|0.2|0.3|0.4|0.5|0.6|0.7|0.8|0.9|0.95|0.99,1,False,True
20260905T030246Z,mcd,yacht,17,17,277,31,6,1.4816597015076354,-2.2901820471493424,1.0,13.655153948812673,2.633383882759491,0.30310850439882686,0.30310850439882686,402,20.42,,4000,1.959963984540054,0.1|0.2|0.3|0.4|0.5|0.6|0.7|0.8|0.9|0.95|0.99,1,False,True
20260905T030246Z,ensemble,yacht,17,17,277,31,6,0.5244578482353555,-0.6082741133390859,1.0,2.4245085824871055,0.42280756024738275,0.1512023460410557,0.1506158357771261,2010,94.039,,4000,1.959963984540054,0.1|0.2|0.3|0.4|0.5|0.6|0.7|0.8|0.9|0.95|0.99,1,False,True
20260905T030246Z,bbb,yacht,17,17,277,31,6,0.4740482677943626,-0.6784329381045712,0.9032258064516129,1.7311499468739713,0.43800522705591627,0.040058651026392965,0.01571847507331378,803,39.43,,4000,1.959963984540054,0.1|0.2|0.3|0.4|0.5|0.6|0.7|0.8|0.9|0.95|0.99,1,False,True
20260905T030246Z,laplace,yacht,17,17,277,31,6,0.6783739121053161,-0.8320952872480745,0.9354838709677419,1.7314941752334032,0.36545772315627767,0.028269794721407625,0.015718475073313774,402,0.553,,4000,1.959963984540054,0.1|0.2|0.3|0.4|0.5|0.6|0.7|0.8|0.9|0.95|0.99,1,False,True
20260905T030246Z,gp,yacht,17,17,277,31,6,0.4185730518817081,0.08757262030955254,0.9354838709677419,0.9717008061888533,0.1606947415903972,0.08457478005865103,0.03917888563049853,3,0.835,,4000,1.959963984540054,0.1|0.2|0.3|0.4|0.5|0.6|0.7|0.8|0.9|0.95|0.99,1,False,True
20260905T030246Z,map,yacht,18,18,277,31,6,1.0054120092847736,-2.5625344194565876,0.8387096774193549,1.7883328561647285,0.456215744337873,0.126217008797654,0.06263929618768327,402,0.013,,4000,1.959963984540054,0.1|0.2|0.3|0.4|0.5|0.6|0.7|0.8|0.9|0.95|0.99,1,False,True
20260905T030246Z,mcd,yacht,18,18,277,31,6,1.7058500831885668,-2.321842077148577,1.0,13.614587115956944,2.7464858992476704,0.27964809384164213,0.27964809384164213,402,20.354,,4000,1.959963984540054,0.1|0.2|0.3|0.4|0.5|0.6|0.7|0.8|0.9|0.95|0.99,1,False,True
20260905T030246Z,ensemble,yacht,18,18,277,31,6,0.7289396068964937,-0.8046913291523325,0.8709677419354839,2.186097060049078,0.4250407204182626,0.18897360703812313,0.16527859237536657,2010,94.786,,4000,1.959963984540054,0.1|0.2|0.3|0.4|0.5|0.6|0.7|0.8|0.9|0.95|0.99,1,False,True
20260905T030246Z,bbb,yacht,18,18,277,31,6,0.5679651870493098,-0.9427038018903088,0.8709677419354839,1.688976967960221,0.4260709918888394,0.04879765395894429,-0.01653958944281526,803,39.193,,4000,1.959963984540054,0.1|0.2|0.3|0.4|0.5|0.6|0.7|0.8|0.9|0.95|0.99,1,False,True
20260905T030246Z,laplace,yacht,18,18,277,31,6,1.0054120092847736,-1.0847873247034483,0.8709677419354839,2.23876781675882,0.456215744337873,0.14381231671554254,0.0919648093841642,402,0.589,,4000,1.959963984540054,0.1|0.2|0.3|0.4|0.5|0.6|0.7|0.8|0.9|0.95|0.99,1,False,True
20260905T030246Z,gp,yacht,18,18,277,31,6,0.4480297172629557,-0.17237749981253228,0.9354838709677419,1.0105304578649463,0.15115789635025267,0.035894428152492684,-0.007741935483870974,3,0.776,,4000,1.959963984540054,0.1|0.2|0.3|0.4|0.5|0.6|0.7|0.8|0.9|0.95|0.99,1,False,True
20260905T030246Z,map,yacht,19,19,277,31,6,0.45706761690634246,-0.6383873139423647,0.8709677419354839,1.7078187628074002,0.43567605738637477,0.0716715542521994,0.04797653958944281,402,0.01,,4000,1.959963984540054,0.1|0.2|0.3|0.4|0.5|0.6|0.7|0.8|0.9|0.95|0.99,1,False,True
20260905T030246Z,mcd,yacht,19,19,277,31,6,2.728944156371014,-2.5642198450609777,0.967741935483871,12.992398273928865,2.579075618954539,0.23384164222873902,0.2297947214076246,402,20.175,,4000,1.959963984540054,0.1|0.2|0.3|0.4|0.5|0.6|0.7|0.8|0.9|0.95|0.99,1,False,True
20260905T030246Z,ensemble,yacht,19,19,277,31,6,0.49283131246243034,-0.5610349929902851,0.967741935483871,2.1678088565069773,0.4141840637840137,0.11835777126099706,0.11835777126099706,2010,94.043,,4000,1.959963984540054,0.1|0.2|0.3|0.4|0.5|0.6|0.7|0.8|0.9|0.95|0.99,1,False,True
20260905T030246Z,bbb,yacht,19,19,277,31,6,1.5579790813721812,-5.055708172329945,0.6774193548387096,1.9580327074280208,0.4942242716486852,0.3127272727272727,-0.3127272727272727,803,38.955,,4000,1.959963984540054,0.1|0.2|0.3|0.4|0.5|0.6|0.7|0.8|0.9|0.95|0.99,1,False,True
20260905T030246Z,laplace,yacht,19,19,277,31,6,0.45706761690634246,-0.5832251446501132,1.0,2.301711810931199,0.43567605738637477,0.13008797653958945,0.13008797653958945,402,0.543,,4000,1.959963984540054,0.1|0.2|0.3|0.4|0.5|0.6|0.7|0.8|0.9|0.95|0.99,1,False,True
20260905T030246Z,gp,yacht,19,19,277,31,6,0.44387743504188837,-0.26270742285268167,0.9032258064516129,1.1115640464618068,0.15856286907409178,0.05700879765395894,-0.013607038123167164,3,0.925,,4000,1.959963984540054,0.1|0.2|0.3|0.4|0.5|0.6|0.7|0.8|0.9|0.95|0.99,1,False,True
20260905T052649Z,map,energy,0,0,691,77,8,0.35136196361026073,-0.3865054854967785,0.974025974025974,1.5543055924006914,0.3965138147080395,0.027768595041322317,0.009586776859504128,502,0.006,,4000,1.959963984540054,0.1|0.2|0.3|0.4|0.5|0.6|0.7|0.8|0.9|0.95|0.99,1,False,True
20260905T052649Z,mcd,energy,0,0,691,77,8,0.9959784930080716,-1.7425140942677118,1.0,7.888897175236168,1.6307716784902768,0.20085005903187722,0.20085005903187722,502,0.012,,4000,1.959963984540054,0.1|0.2|0.3|0.4|0.5|0.6|0.7|0.8|0.9|0.95|0.99,1,False,True
20260905T052649Z,ensemble,energy,0,0,691,77,8,0.34324551461350605,-0.4300580681678469,0.974025974025974,1.7054821235520128,0.35164422744918516,0.07907910271546635,0.07688311688311689,2510,0.063,,4000,1.959963984540054,0.1|0.2|0.3|0.4|0.5|0.6|0.7|0.8|0.9|0.95|0.99,1,False,True
20260905T052649Z,bbb,energy,0,0,691,77,8,0.4913241979045357,-0.7080490148750933,0.935064935064935,1.9482509403928197,0.4955235951479373,0.055348288075560796,0.04736717827626918,1003,0.013,,4000,1.959963984540054,0.1|0.2|0.3|0.4|0.5|0.6|0.7|0.8|0.9|0.95|0.99,1,False,True
20260905T052649Z,laplace,energy,0,0,691,77,8,0.35136196361026073,-0.4132653263322955,1.0,1.7190535927635116,0.3965138147080395,0.050200708382526556,0.04618654073199528,502,0.842,,4000,1.959963984540054,0.1|0.2|0.3|0.4|0.5|0.6|0.7|0.8|0.9|0.95|0.99,1,False,True
20260905T052649Z,gp,energy,0,0,691,77,8,0.38711033814405965,-0.4806186458311657,0.948051948051948,1.7366456317091064,0.3938473230296101,0.0860448642266824,0.08278630460448642,3,0.033,,4000,1.959963984540054,0.1|0.2|0.3|0.4|0.5|0.6|0.7|0.8|0.9|0.95|0.99,1,False,True
20260905T052649Z,map,energy,1,1,691,77,8,0.531121615717885,-1.0867915976414404,0.9090909090909091,1.309149748223445,0.3339729093365621,0.047083825265643454,-0.047083825265643454,502,0.002,,4000,1.959963984540054,0.1|0.2|0.3|0.4|0.5|0.6|0.7|0.8|0.9|0.95|0.99,1,False,True
20260905T052649Z,mcd,energy,1,1,691,77,8,1.1161642729999066,-1.7567042961933719,0.987012987012987,7.680285729456215,1.585807659903688,0.16543093270365997,0.16543093270365997,502,0.01,,4000,1.959963984540054,0.1|0.2|0.3|0.4|0.5|0.6|0.7|0.8|0.9|0.95|0.99,1,False,True
20260905T052649Z,ensemble,energy,1,1,691,77,8,0.49144775363902926,-0.8137712592987804,0.948051948051948,1.7897294052942905,0.3547409785126975,0.09454545454545454,0.08396694214876033,2510,0.055,,4000,1.959963984540054,0.1|0.2|0.3|0.4|0.5|0.6|0.7|0.8|0.9|0.95|0.99,1,False,True
20260905T052649Z,bbb,energy,1,1,691,77,8,0.5758934884927092,-0.9804830437876145,0.922077922077922,1.6682998601894785,0.4242573094060469,0.02795749704840614,-0.012845336481700125,1003,0.011,,4000,1.959963984540054,0.1|0.2|0.3|0.4|0.5|0.6|0.7|0.8|0.9|0.95|0.99,1,False,True
20260905T052649Z,laplace,energy,1,1,691,77,8,0.531121615717885,-0.8575846549069902,0.9090909090909091,1.5036152196480843,0.3339729093365621,0.027957497048406152,-0.0034002361275088555,502,0.84,,4000,1.959963984540054,0.1|0.2|0.3|0.4|0.5|0.6|0.7|0.8|0.9|0.95|0.99,1,False,True
20260905T052649Z,gp,energy,1,1,691,77,8,0.5650368288992762,-0.9174902706917991,0.8961038961038961,1.6274717132205305,0.3690745019200497,0.04212514757969304,0.0202125147579693,3,0.035,,4000,1.959963984540054,0.1|0.2|0.3|0.4|0.5|0.6|0.7|0.8|0.9|0.95|0.99,1,False,True
20260905T052649Z,map,energy,2,2,691,77,8,0.4385865084164468,-0.6373300084779273,0.8701298701298701,1.4173296968897942,0.36157034212605677,0.04425029515938606,-0.0388193624557261,502,0.002,,4000,1.959963984540054,0.1|0.2|0.3|0.4|0.5|0.6|0.7|0.8|0.9|0.95|0.99,1,False,True
20260905T052649Z,mcd,energy,2,2,691,77,8,0.9966477464632064,-1.7080670054421871,1.0,7.523262253924152,1.5501539860021585,0.1937662337662337,0.1937662337662337,502,0.011,,4000,1.959963984540054,0.1|0.2|0.3|0.4|0.5|0.6|0.7|0.8|0.9|0.95|0.99,1,False,True
20260905T052649Z,ensemble,energy,2,2,691,77,8,0.40032118626358115,-0.4648303811404311,0.948051948051948,1.7403104959551163,0.3530898652926844,0.08195985832349467,0.08160566706021251,2510,0.061,,4000,1.959963984540054,0.1|0.2|0.3|0.4|0.5|0.6|0.7|0.8|0.9|0.95|0.99,1,False,True
20260905T052649Z,bbb,energy,2,2,691,77,8,0.5339312248436562,-0.8237864363764812,0.922077922077922,1.7657567821217797,0.4487536515210211,0.03362455726092089,-0.0022195985832349444,1003,0.013,,4000,1.959963984540054,0.1|0.2|0.3|0.4|0.5|0.6|0.7|0.8|0.9|0.95|0.99,1,False,True
20260905T052649Z,laplace,energy,2,2,691,77,8,0.4385865084164468,-0.587373988133866,0.8961038961038961,1.6023110023383331,0.36157034212605677,0.02040141676505314,-0.00694214876033058,502,0.798,,4000,1.959963984540054,0.1|0.2|0.3|0.4|0.5|0.6|0.7|0.8|0.9|0.95|0.99,1,False,True
20260905T052649Z,gp,energy,2,2,691,77,8,0.42536523563533796,-0.5657251689540536,0.935064935064935,1.7121411090978833,0.38939719655369215,0.0718772136953955,0.06861865407319952,3,0.033,,4000,1.959963984540054,0.1|0.2|0.3|0.4|0.5|0.6|0.7|0.8|0.9|0.95|0.99,1,False,True
20260905T052649Z,map,energy,3,3,691,77,8,0.486478553922854,-0.8085645386570333,0.922077922077922,1.4142122925852338,0.3607750713126263,0.07022432113341205,-0.062432113341204264,502,0.002,,4000,1.959963984540054,0.1|0.2|0.3|0.4|0.5|0.6|0.7|0.8|0.9|0.95|0.99,1,False,True
20260905T052649Z,mcd,energy,3,3,691,77,8,1.2484918013318613,-1.7875623584097788,1.0,7.583048470106098,1.5788071412904834,0.11938606847697758,0.11938606847697758,502,0.013,,4000,1.959963984540054,0.1|0.2|0.3|0.4|0.5|0.6|0.7|0.8|0.9|0.95|0.99,1,False,True
20260905T052649Z,ensemble,energy,3,3,691,77,8,0.40022535171943285,-0.5210202261184419,0.948051948051948,1.6699862526166913,0.35735733716318474,0.07187721369539551,0.06861865407319953,2510,0.063,,4000,1.959963984540054,0.1|0.2|0.3|0.4|0.5|0.6|0.7|0.8|0.9|0.95|0.99,1,False,True
20260905T052649Z,bbb,energy,3,3,691,77,8,0.5000686626086915,-0.738271357241833,0.922077922077922,1.7604762528176008,0.4478112921193009,0.02347107438016529,-0.018748524203069664,1003,0.012,,4000,1.959963984540054,0.1|0.2|0.3|0.4|0.5|0.6|0.7|0.8|0.9|0.95|0.99,1,False,True
20260905T052649Z,laplace,energy,3,3,691,77,8,0.486478553922854,-0.7501431077760526,0.935064935064935,1.6129240517986294,0.3607750713126263,0.03716646989374262,-0.02937426210153484,502,0.799,,4000,1.959963984540054,0.1|0.2|0.3|0.4|0.5|0.6|0.7|0.8|0.9|0.95|0.99,1,False,True
20260905T052649Z,gp,energy,3,3,691,77,8,0.4564317203458,-0.636985707827275,0.922077922077922,1.7260656516412223,0.38746397544596856,0.03811097992916176,0.028476977567886662,3,0.029,,4000,1.959963984540054,0.1|0.2|0.3|0.4|0.5|0.6|0.7|0.8|0.9|0.95|0.99,1,False,True
20260905T052649Z,map,energy,4,4,691,77,8,0.497299330881307,-0.8547837695160925,0.8701298701298701,1.4059703282656295,0.35867249075894875,0.06715466351829989,-0.06715466351829989,502,0.002,,4000,1.959963984540054,0.1|0.2|0.3|0.4|0.5|0.6|0.7|0.8|0.9|0.95|0.99,1,False,True
20260905T052649Z,mcd,energy,4,4,691,77,8,1.1596012730994922,-1.780712402423533,0.987012987012987,7.806314437523027,1.5952598669847402,0.17605667060212515,0.17605667060212515,502,0.009,,4000,1.959963984540054,0.1|0.2|0.3|0.4|0.5|0.6|0.7|0.8|0.9|0.95|0.99,1,False,True
20260905T052649Z,ensemble,energy,4,4,691,77,8,0.43801592998450606,-0.600526042877682,0.961038961038961,1.710738131462064,0.35260974779073495,0.03964580873671782,0.03674144037780401,2510,0.054,,4000,1.959963984540054,0.1|0.2|0.3|0.4|0.5|0.6|0.7|0.8|0.9|0.95|0.99,1,False,True
20260905T052649Z,bbb,energy,4,4,691,77,8,0.5576748363119919,-0.8864912208873049,0.8701298701298701,1.7714963787641187,0.4505383420473546,0.039055489964580865,-0.02583234946871311,1003,0.012,,4000,1.959963984540054,0.1|0.2|0.3|0.4|0.5|0.6|0.7|0.8|0.9|0.95|0.99,1,False,True
20260905T052649Z,laplace,energy,4,4,691,77,8,0.497299330881307,-0.7693205976329494,0.8961038961038961,1.5871421441478448,0.35867249075894875,0.032443919716647,-0.03173553719008265,502,0.804,,4000,1.959963984540054,0.1|0.2|0.3|0.4|0.5|0.6|0.7|0.8|0.9|0.95|0.99,1,False,True
20260905T052649Z,gp,energy,4,4,691,77,8,0.5113723086293135,-0.7950323069184895,0.8701298701298701,1.661653137384798,0.3762054398741043,0.051570247933884296,0.006044864226682409,3,0.032,,4000,1.959963984540054,0.1|0.2|0.3|0.4|0.5|0.6|0.7|0.8|0.9|0.95|0.99,1,False,True
20260905T052649Z,map,energy,5,5,691,77,8,0.37014037578161507,-0.4294378417668218,0.935064935064935,1.3600250513006085,0.3469515414641065,0.0362219598583235,0.023754427390791023,502,0.002,,4000,1.959963984540054,0.1|0.2|0.3|0.4|0.5|0.6|0.7|0.8|0.9|0.95|0.99,1,False,True
20260905T052649Z,mcd,energy,5,5,691,77,8,1.0377989120707778,-1.7338032734282807,1.0,7.650821929330686,1.5867381594699799,0.1807792207792208,0.1807792207792208,502,0.011,,4000,1.959963984540054,0.1|0.2|0.3|0.4|0.5|0.6|0.7|0.8|0.9|0.95|0.99,1,False,True
20260905T052649Z,ensemble,energy,5,5,691,77,8,0.3715316525575637,-0.4465028126222109,0.948051948051948,1.7029660297886846,0.3528035582515721,0.08722550177095631,0.08632821723730814,2510,0.052,,4000,1.959963984540054,0.1|0.2|0.3|0.4|0.5|0.6|0.7|0.8|0.9|0.95|0.99,1,False,True
20260905T052649Z,bbb,energy,5,5,691,77,8,0.5091194447271749,-0.7779761006905143,0.9090909090909091,1.6763112992846396,0.426267765762942,0.05770956316410862,-0.05770956316410862,1003,0.012,,4000,1.959963984540054,0.1|0.2|0.3|0.4|0.5|0.6|0.7|0.8|0.9|0.95|0.99,1,False,True
20260905T052649Z,laplace,energy,5,5,691,77,8,0.37014037578161507,-0.4247181950916936,0.948051948051948,1.5411941776494025,0.3469515414641065,0.06479338842975207,0.06389610389610391,502,0.89,,4000,1.959963984540054,0.1|0.2|0.3|0.4|0.5|0.6|0.7|0.8|0.9|0.95|0.99,1,False,True
20260905T052649Z,gp,energy,5,5,691,77,8,0.43630619058605397,-0.5867769465418531,0.922077922077922,1.7018419807100968,0.38995724042491475,0.05369539551357732,0.04382526564344746,3,0.034,,4000,1.959963984540054,0.1|0.2|0.3|0.4|0.5|0.6|0.7|0.8|0.9|0.95|0.99,1,False,True
20260905T052649Z,map,energy,6,6,691,77,8,0.444253715596437,-0.6562333735983443,0.8701298701298701,1.417975762847416,0.3617351578988768,0.05652892561983471,-0.05062573789846517,502,0.002,,4000,1.959963984540054,0.1|0.2|0.3|0.4|0.5|0.6|0.7|0.8|0.9|0.95|0.99,1,False,True
20260905T052649Z,mcd,energy,6,6,691,77,8,1.1087556667267513,-1.7452659620052011,1.0,7.643552881448578,1.5620915738393246,0.17369539551357735,0.17369539551357735,502,0.012,,4000,1.959963984540054,0.1|0.2|0.3|0.4|0.5|0.6|0.7|0.8|0.9|0.95|0.99,1,False,True
20260905T052649Z,ensemble,energy,6,6,691,77,8,0.40447703393332457,-0.49876531365912374,0.974025974025974,1.7846685356522116,0.3469277253286476,0.03863046044864227,0.021393152302243205,2510,0.054,,4000,1.959963984540054,0.1|0.2|0.3|0.4|0.5|0.6|0.7|0.8|0.9|0.95|0.99,1,False,True
20260905T052649Z,bbb,energy,6,6,691,77,8,0.4714419800578916,-0.710629115690762,0.8831168831168831,1.518019382123654,0.38579065279378855,0.06125147579693035,-0.06125147579693035,1003,0.012,,4000,1.959963984540054,0.1|0.2|0.3|0.4|0.5|0.6|0.7|0.8|0.9|0.95|0.99,1,False,True
20260905T052649Z,laplace,energy,6,6,691,77,8,0.444253715596437,-0.5967549901550085,0.8961038961038961,1.6040968281674872,0.3617351578988768,0.030720188902007086,-0.01520661157024794,502,0.879,,4000,1.959963984540054,0.1|0.2|0.3|0.4|0.5|0.6|0.7|0.8|0.9|0.95|0.99,1,False,True
20260905T052649Z,gp,energy,6,6,691,77,8,0.4595648851864134,-0.6078516510806293,0.9090909090909091,1.7512984658468174,0.3870983332832499,0.030318772136953963,0.01667060212514758,3,0.031,,4000,1.959963984540054,0.1|0.2|0.3|0.4|0.5|0.6|0.7|0.8|0.9|0.95|0.99,1,False,True
20260905T052649Z,map,energy,7,7,691,77,8,0.4815266133915957,-0.8097655195576787,0.8441558441558441,1.3809643397245865,0.35229329483027677,0.04731995277449823,-0.04236127508854782,502,0.002,,4000,1.959963984540054,0.1|0.2|0.3|0.4|0.5|0.6|0.7|0.8|0.9|0.95|0.99,1,False,True
20260905T052649Z,mcd,energy,7,7,691,77,8,1.2404405388422224,-1.8031110184232173,1.0,7.813303726267129,1.634113775443424,0.15834710743801653,0.15834710743801653,502,0.011,,4000,1.959963984540054,0.1|0.2|0.3|0.4|0.5|0.6|0.7|0.8|0.9|0.95|0.99,1,False,True
20260905T052649Z,ensemble,energy,7,7,691,77,8,0.3608971404223348,-0.4354488448922791,0.974025974025974,1.6795332919749992,0.35026928647351296,0.10221959858323494,0.10167650531286897,2510,0.05,,4000,1.959963984540054,0.1|0.2|0.3|0.4|0.5|0.6|0.7|0.8|0.9|0.95|0.99,1,False,True
20260905T052649Z,bbb,energy,7,7,691,77,8,0.5565007205191987,-0.96774817536218,0.8701298701298701,1.5721265389215926,0.39924640326821087,0.10257378984651715,-0.10257378984651715,1003,0.012,,4000,1.959963984540054,0.1|0.2|0.3|0.4|0.5|0.6|0.7|0.8|0.9|0.95|0.99,1,False,True
20260905T052649Z,laplace,energy,7,7,691,77,8,0.4815266133915957,-0.7011887358335349,0.9090909090909091,1.5778657153273674,0.35229329483027677,0.03315230224321133,-0.009303423848878407,502,1.014,,4000,1.959963984540054,0.1|0.2|0.3|0.4|0.5|0.6|0.7|0.8|0.9|0.95|0.99,1,False,True
20260905T052649Z,gp,energy,7,7,691,77,8,0.44618334503743,-0.6024998274543003,0.961038961038961,1.7509873551848791,0.38738586474615017,0.033506493506493505,0.02611570247933884,3,0.03,,4000,1.959963984540054,0.1|0.2|0.3|0.4|0.5|0.6|0.7|0.8|0.9|0.95|0.99,1,False,True
20260905T052649Z,map,energy,8,8,691,77,8,0.5911927579870774,-1.4010553610457472,0.8441558441558441,1.3018426085958608,0.33210880885175165,0.11674144037780403,-0.11674144037780403,502,0.002,,4000,1.959963984540054,0.1|0.2|0.3|0.4|0.5|0.6|0.7|0.8|0.9|0.95|0.99,1,False,True
20260905T052649Z,mcd,energy,8,8,691,77,8,1.144346619177796,-1.783241977580717,0.987012987012987,7.9092358011388475,1.6116862612774214,0.2173789846517119,0.2173789846517119,502,0.01,,4000,1.959963984540054,0.1|0.2|0.3|0.4|0.5|0.6|0.7|0.8|0.9|0.95|0.99,1,False,True
20260905T052649Z,ensemble,energy,8,8,691,77,8,0.508828116506544,-0.7906408649361699,0.948051948051948,1.742538239908697,0.34915353080854106,0.08722550177095631,0.08396694214876033,2510,0.055,,4000,1.959963984540054,0.1|0.2|0.3|0.4|0.5|0.6|0.7|0.8|0.9|0.95|0.99,1,False,True
20260905T052649Z,bbb,energy,8,8,691,77,8,0.5242133995020021,-0.9877985785090679,0.8961038961038961,1.3750709138141368,0.3497396613543457,0.03409681227863048,-0.006942148760330583,1003,0.011,,4000,1.959963984540054,0.1|0.2|0.3|0.4|0.5|0.6|0.7|0.8|0.9|0.95|0.99,1,False,True
20260905T052649Z,laplace,energy,8,8,691,77,8,0.5911927579870774,-1.0836656929046478,0.9090909090909091,1.5113366185079804,0.33210880885175165,0.06125147579693035,-0.06125147579693035,502,0.834,,4000,1.959963984540054,0.1|0.2|0.3|0.4|0.5|0.6|0.7|0.8|0.9|0.95|0.99,1,False,True
20260905T052649Z,gp,energy,8,8,691,77,8,0.5642985436873282,-0.8684738134189389,0.9090909090909091,1.6894631225975674,0.3758028273262071,0.07659976387249114,0.0638961038961039,3,0.033,,4000,1.959963984540054,0.1|0.2|0.3|0.4|0.5|0.6|0.7|0.8|0.9|0.95|0.99,1,False,True
20260905T052649Z,map,energy,9,9,691,77,8,0.46481849726231067,-0.7202436063122315,0.8571428571428571,1.4347352304343184,0.366010610845742,0.06833530106257381,-0.06833530106257381,502,0.002,,4000,1.959963984540054,0.1|0.2|0.3|0.4|0.5|0.6|0.7|0.8|0.9|0.95|0.99,1,False,True
20260905T052649Z,mcd,energy,9,9,691,77,8,1.2052438289030898,-1.7657598610710525,1.0,7.485224157554679,1.5471026743074467,0.17723730814639904,0.17723730814639904,502,0.014,,4000,1.959963984540054,0.1|0.2|0.3|0.4|0.5|0.6|0.7|0.8|0.9|0.95|0.99,1,False,True
20260905T052649Z,ensemble,energy,9,9,691,77,8,0.32496583649966143,-0.3807339087286479,1.0,1.8033698851267947,0.3646753504014207,0.12292798110979929,0.12292798110979929,2510,0.065,,4000,1.959963984540054,0.1|0.2|0.3|0.4|0.5|0.6|0.7|0.8|0.9|0.95|0.99,1,False,True
20260905T052649Z,bbb,energy,9,9,691,77,8,0.5143415916924735,-0.7737651896930772,0.9090909090909091,1.763128586662303,0.44815734000870056,0.07605667060212516,-0.07423848878394335,1003,0.014,,4000,1.959963984540054,0.1|0.2|0.3|0.4|0.5|0.6|0.7|0.8|0.9|0.95|0.99,1,False,True
20260905T052649Z,laplace,energy,9,9,691,77,8,0.46481849726231067,-0.6579965010901815,0.922077922077922,1.67511950099943,0.366010610845742,0.03504132231404959,-0.0246517119244392,502,0.808,,4000,1.959963984540054,0.1|0.2|0.3|0.4|0.5|0.6|0.7|0.8|0.9|0.95|0.99,1,False,True
20260905T052649Z,gp,energy,9,9,691,77,8,0.3636832284882421,-0.45520284635644354,0.974025974025974,1.8096777178486132,0.3979637040048433,0.11230224321133413,0.11230224321133413,3,0.035,,4000,1.959963984540054,0.1|0.2|0.3|0.4|0.5|0.6|0.7|0.8|0.9|0.95|0.99,1,False,True
20260905T052649Z,map,energy,10,10,691,77,8,0.5022153013375192,-0.9127009617074928,0.7792207792207793,1.3542580882284678,0.3454803503816099,0.12264462809917355,-0.12264462809917355,502,0.002,,4000,1.959963984540054,0.1|0.2|0.3|0.4|0.5|0.6|0.7|0.8|0.9|0.95|0.99,1,False,True
20260905T052649Z,mcd,energy,10,10,691,77,8,1.1730431068432787,-1.7613492504511863,1.0,7.61668677473623,1.5574417575820012,0.18668240850059029,0.18668240850059029,502,0.012,,4000,1.959963984540054,0.1|0.2|0.3|0.4|0.5|0.6|0.7|0.8|0.9|0.95|0.99,1,False,True
20260905T052649Z,ensemble,energy,10,10,691,77,8,0.3663230882736434,-0.43648990264786897,0.987012987012987,1.7178780033161378,0.36616260333033157,0.0662573789846517,0.0662573789846517,2510,0.064,,4000,1.959963984540054,0.1|0.2|0.3|0.4|0.5|0.6|0.7|0.8|0.9|0.95|0.99,1,False,True
20260905T052649Z,bbb,energy,10,10,691,77,8,0.4771232296813969,-0.6802945541297898,0.922077922077922,1.8012788669744946,0.4576102200143905,0.02906729634002361,-0.008122786304604496,1003,0.011,,4000,1.959963984540054,0.1|0.2|0.3|0.4|0.5|0.6|0.7|0.8|0.9|0.95|0.99,1,False,True
20260905T052649Z,laplace,energy,10,10,691,77,8,0.5022153013375192,-0.7796761461785733,0.8701298701298701,1.5697714058624894,0.3454803503816099,0.07896103896103895,-0.07896103896103895,502,0.81,,4000,1.959963984540054,0.1|0.2|0.3|0.4|0.5|0.6|0.7|0.8|0.9|0.95|0.99,1,False,True
20260905T052649Z,gp,energy,10,10,691,77,8,0.4026773367267687,-0.5285801722663608,0.922077922077922,1.7206835166142052,0.3890927020783754,0.05787485242030698,0.04972845336481701,3,0.03,,4000,1.959963984540054,0.1|0.2|0.3|0.4|0.5|0.6|0.7|0.8|0.9|0.95|0.99,1,False,True
20260905T052649Z,map,energy,11,11,691,77,8,0.40430611696754665,-0.5339284720238194,0.9090909090909091,1.3820940436416287,0.3525814899006844,0.030318772136953956,-0.022290436835891395,502,0.002,,4000,1.959963984540054,0.1|0.2|0.3|0.4|0.5|0.6|0.7|0.8|0.9|0.95|0.99,1,False,True
20260905T052649Z,mcd,energy,11,11,691,77,8,1.0624853552507103,-1.709941291034,1.0,7.3412733902260126,1.4914919905538495,0.18077922077922076,0.18077922077922076,502,0.01,,4000,1.959963984540054,0.1|0.2|0.3|0.4|0.5|0.6|0.7|0.8|0.9|0.95|0.99,1,False,True
20260905T052649Z,ensemble,energy,11,11,691,77,8,0.3249506270086792,-0.4133314245081363,0.974025974025974,1.826548321973844,0.33776586163289135,0.12229043683589134,0.12174734356552537,2510,0.051,,4000,1.959963984540054,0.1|0.2|0.3|0.4|0.5|0.6|0.7|0.8|0.9|0.95|0.99,1,False,True
20260905T052649Z,bbb,energy,11,11,691,77,8,0.4519334383772949,-0.6255171528531241,0.922077922077922,1.7198700215313625,0.43763815118953714,0.04897284533648171,0.03556080283353011,1003,0.01,,4000,1.959963984540054,0.1|0.2|0.3|0.4|0.5|0.6|0.7|0.8|0.9|0.95|0.99,1,False,True
20260905T052649Z,laplace,energy,11,11,691,77,8,0.40430611696754665,-0.484756743853678,0.974025974025974,1.5851930402978682,0.3525814899006844,0.02831168831168831,0.022573789846517114,502,0.842,,4000,1.959963984540054,0.1|0.2|0.3|0.4|0.5|0.6|0.7|0.8|0.9|0.95|0.99,1,False,True
20260905T052649Z,gp,energy,11,11,691,77,8,0.4126823682504242,-0.5361478006247655,0.961038961038961,1.7277179254428165,0.3915247802110837,0.0656198347107438,0.0650767414403778,3,0.035,,4000,1.959963984540054,0.1|0.2|0.3|0.4|0.5|0.6|0.7|0.8|0.9|0.95|0.99,1,False,True
20260905T052649Z,map,energy,12,12,691,77,8,0.6455731964301817,-1.4725106118278801,0.8441558441558441,1.4325992477632068,0.36546570729446237,0.09430932703659976,-0.09430932703659976,502,0.002,,4000,1.959963984540054,0.1|0.2|0.3|0.4|0.5|0.6|0.7|0.8|0.9|0.95|0.99,1,False,True
20260905T052649Z,mcd,energy,12,12,691,77,8,1.2026913569712412,-1.7676697034469415,1.0,7.563950275722581,1.5757654049179606,0.19022432113341203,0.19022432113341203,502,0.013,,4000,1.959963984540054,0.1|0.2|0.3|0.4|0.5|0.6|0.7|0.8|0.9|0.95|0.99,1,False,True
20260905T052649Z,ensemble,energy,12,12,691,77,8,0.48142301423508405,-0.6230664038739149,0.961038961038961,1.7006414897062556,0.3499643047285626,0.07435655253837072,0.07216056670602124,2510,0.06,,4000,1.959963984540054,0.1|0.2|0.3|0.4|0.5|0.6|0.7|0.8|0.9|0.95|0.99,1,False,True
20260905T052649Z,bbb,energy,12,12,691,77,8,0.5789221989178972,-1.0105252812029424,0.9090909090909091,1.6320939965067802,0.41504435110547294,0.03315230224321135,0.00014167650531286444,1003,0.015,,4000,1.959963984540054,0.1|0.2|0.3|0.4|0.5|0.6|0.7|0.8|0.9|0.95|0.99,1,False,True
20260905T052649Z,laplace,energy,12,12,691,77,8,0.6455731964301817,-1.1982363811619243,0.8571428571428571,1.613431175520766,0.36546570729446237,0.0657378984651712,-0.05889020070838254,502,0.879,,4000,1.959963984540054,0.1|0.2|0.3|0.4|0.5|0.6|0.7|0.8|0.9|0.95|0.99,1,False,True
20260905T052649Z,gp,energy,12,12,691,77,8,0.5725790939993898,-0.9570281430869777,0.8961038961038961,1.6508245342330767,0.3739865705756418,0.035513577331759145,0.008406139315230215,3,0.029,,4000,1.959963984540054,0.1|0.2|0.3|0.4|0.5|0.6|0.7|0.8|0.9|0.95|0.99,1,False,True
20260905T052649Z,map,energy,13,13,691,77,8,0.3870504262630168,-0.49352897616402064,0.922077922077922,1.3101864644808445,0.334237382629331,0.027721369539551354,-0.02701298701298701,502,0.012,,4000,1.959963984540054,0.1|0.2|0.3|0.4|0.5|0.6|0.7|0.8|0.9|0.95|0.99,1,False,True
20260905T052649Z,mcd,energy,13,13,691,77,8,1.232506051827175,-1.7665613337132535,1.0,7.369095162136604,1.5480521340556537,0.14772136953955137,0.14772136953955137,502,41.286,,4000,1.959963984540054,0.1|0.2|0.3|0.4|0.5|0.6|0.7|0.8|0.9|0.95|0.99,1,False,True
20260905T052649Z,ensemble,energy,13,13,691,77,8,0.3684165097352587,-0.423378084408245,0.961038961038961,1.6178165525280208,0.34430897838971536,0.05735537190082644,0.05681227863046045,2510,187.215,,4000,1.959963984540054,0.1|0.2|0.3|0.4|0.5|0.6|0.7|0.8|0.9|0.95|0.99,1,False,True
20260905T052649Z,bbb,energy,13,13,691,77,8,0.5390029297019001,-0.85109952085841,0.8961038961038961,1.7130804403033888,0.4355195689527226,0.029610389610389618,-0.02819362455726093,1003,79.004,,4000,1.959963984540054,0.1|0.2|0.3|0.4|0.5|0.6|0.7|0.8|0.9|0.95|0.99,1,False,True
20260905T052649Z,laplace,energy,13,13,691,77,8,0.3870504262630168,-0.44571735829243075,0.948051948051948,1.5030291831310647,0.334237382629331,0.023471074380165283,0.013128689492325853,502,0.803,,4000,1.959963984540054,0.1|0.2|0.3|0.4|0.5|0.6|0.7|0.8|0.9|0.95|0.99,1,False,True
20260905T052649Z,gp,energy,13,13,691,77,8,0.43899755843516247,-0.5741274659522311,0.935064935064935,1.7399727123680984,0.3867279543073034,0.04306965761511216,0.036741440377804004,3,13.094,,4000,1.959963984540054,0.1|0.2|0.3|0.4|0.5|0.6|0.7|0.8|0.9|0.95|0.99,1,False,True
20260905T052649Z,map,energy,14,14,691,77,8,0.44696960558925675,-0.6509572716368841,0.8961038961038961,1.461389165834594,0.37281020910635243,0.04306965761511216,-0.004580873671782776,502,37.198,,4000,1.959963984540054,0.1|0.2|0.3|0.4|0.5|0.6|0.7|0.8|0.9|0.95|0.99,1,False,True
20260905T052649Z,mcd,energy,14,14,691,77,8,1.21879572337606,-1.784410099678819,1.0,7.7155744396401005,1.6201029085429535,0.12292798110979929,0.12292798110979929,502,41.066,,4000,1.959963984540054,0.1|0.2|0.3|0.4|0.5|0.6|0.7|0.8|0.9|0.95|0.99,1,False,True
20260905T052649Z,ensemble,energy,14,14,691,77,8,0.36619672510274703,-0.42283968744028605,0.961038961038961,1.6596997829278786,0.3550147602292194,0.07860684769775679,0.07806375442739079,2510,187.032,,4000,1.959963984540054,0.1|0.2|0.3|0.4|0.5|0.6|0.7|0.8|0.9|0.95|0.99,1,False,True
20260905T052649Z,bbb,energy,14,14,691,77,8,0.4836644557795869,-0.7136366808970697,0.9090909090909091,1.6521466905988946,0.4201195054274351,0.05062573789846518,-0.05062573789846518,1003,78.524,,4000,1.959963984540054,0.1|0.2|0.3|0.4|0.5|0.6|0.7|0.8|0.9|0.95|0.99,1,False,True
20260905T052649Z,laplace,energy,14,14,691,77,8,0.44696960558925675,-0.5974377341732201,0.935064935064935,1.6597196867437747,0.37281020910635243,0.045667060212514765,0.03319952774498229,502,0.896,,4000,1.959963984540054,0.1|0.2|0.3|0.4|0.5|0.6|0.7|0.8|0.9|0.95|0.99,1,False,True
20260905T052649Z,gp,energy,14,14,691,77,8,0.40895512545998686,-0.5293866880203596,0.948051948051948,1.7694402509269724,0.394429082323708,0.0704604486422668,0.06153482880755607,3,12.737,,4000,1.959963984540054,0.1|0.2|0.3|0.4|0.5|0.6|0.7|0.8|0.9|0.95|0.99,1,False,True
20260905T052649Z,map,energy,15,15,691,77,8,0.3922562662506747,-0.5355451132270241,0.8961038961038961,1.2429007247420276,0.31707233769239385,0.056765053128689506,-0.054167650531286894,502,37.445,,4000,1.959963984540054,0.1|0.2|0.3|0.4|0.5|0.6|0.7|0.8|0.9|0.95|0.99,1,False,True
20260905T052649Z,mcd,energy,15,15,691,77,8,1.0489797953352806,-1.7433982839233375,1.0,7.755907190849703,1.5835151307305915,0.1996694214876033,0.1996694214876033,502,41.105,,4000,1.959963984540054,0.1|0.2|0.3|0.4|0.5|0.6|0.7|0.8|0.9|0.95|0.99,1,False,True
20260905T052649Z,ensemble,energy,15,15,691,77,8,0.3564577190462812,-0.3832961310478796,0.974025974025974,1.6772294580695775,0.34359857684028294,0.07216056670602125,0.07216056670602125,2510,187.769,,4000,1.959963984540054,0.1|0.2|0.3|0.4|0.5|0.6|0.7|0.8|0.9|0.95|0.99,1,False,True
20260905T052649Z,bbb,energy,15,15,691,77,8,0.43239211839186575,-0.5832376650577106,0.922077922077922,1.6096583522321415,0.40921189082624176,0.02512396694214877,-0.010484061393152307,1003,78.516,,4000,1.959963984540054,0.1|0.2|0.3|0.4|0.5|0.6|0.7|0.8|0.9|0.95|0.99,1,False,True
20260905T052649Z,laplace,energy,15,15,691,77,8,0.3922562662506747,-0.4495347299859564,0.935064935064935,1.436854849845403,0.31707233769239385,0.03378984651711925,-0.015206611570247941,502,0.889,,4000,1.959963984540054,0.1|0.2|0.3|0.4|0.5|0.6|0.7|0.8|0.9|0.95|0.99,1,False,True
20260905T052649Z,gp,energy,15,15,691,77,8,0.4152005244890705,-0.5518391891685769,0.922077922077922,1.7362047476088038,0.3921690592658428,0.052278630460448644,0.042644628099173555,3,10.989,,4000,1.959963984540054,0.1|0.2|0.3|0.4|0.5|0.6|0.7|0.8|0.9|0.95|0.99,1,False,True
20260905T052649Z,map,energy,16,16,691,77,8,0.5507904757969598,-1.089085591663665,0.8831168831168831,1.3894323382195886,0.3544535382229606,0.11674144037780403,-0.11674144037780403,502,37.538,,4000,1.959963984540054,0.1|0.2|0.3|0.4|0.5|0.6|0.7|0.8|0.9|0.95|0.99,1,False,True
20260905T052649Z,mcd,energy,16,16,691,77,8,1.2113310263310022,-1.800864174273547,1.0,7.908658390652956,1.6380893253763762,0.1571664698937426,0.1571664698937426,502,41.159,,4000,1.959963984540054,0.1|0.2|0.3|0.4|0.5|0.6|0.7|0.8|0.9|0.95|0.99,1,False,True
20260905T052649Z,ensemble,energy,16,16,691,77,8,0.500347798315582,-0.7788742664856425,0.948051948051948,1.614645493863794,0.34908950518640436,0.047556080283353,0.045005903187721366,2510,187.238,,4000,1.959963984540054,0.1|0.2|0.3|0.4|0.5|0.6|0.7|0.8|0.9|0.95|0.99,1,False,True
20260905T052649Z,bbb,energy,16,16,691,77,8,0.5912477742223996,-1.0332538332450685,0.9090909090909091,1.6597734385089777,0.42240082415937386,0.04826446280991736,-0.04826446280991736,1003,78.205,,4000,1.959963984540054,0.1|0.2|0.3|0.4|0.5|0.6|0.7|0.8|0.9|0.95|0.99,1,False,True
20260905T052649Z,laplace,energy,16,16,691,77,8,0.5507904757969598,-0.9128583115570781,0.922077922077922,1.5654203902906112,0.3544535382229606,0.08014167650531287,-0.08014167650531287,502,0.842,,4000,1.959963984540054,0.1|0.2|0.3|0.4|0.5|0.6|0.7|0.8|0.9|0.95|0.99,1,False,True
20260905T052649Z,gp,energy,16,16,691,77,8,0.5779938389233448,-0.9764236341277903,0.8831168831168831,1.6410963350234369,0.37008034100123727,0.03386068476977568,-0.009303423848878407,3,11.738,,4000,1.959963984540054,0.1|0.2|0.3|0.4|0.5|0.6|0.7|0.8|0.9|0.95|0.99,1,False,True
20260905T052649Z,map,energy,17,17,691,77,8,0.4374673015651334,-0.648303285875278,0.8701298701298701,1.3767788908096907,0.35122555865045163,0.06007083825265644,-0.06007083825265644,502,37.732,,4000,1.959963984540054,0.1|0.2|0.3|0.4|0.5|0.6|0.7|0.8|0.9|0.95|0.99,1,False,True
20260905T052649Z,mcd,energy,17,17,691,77,8,1.1192757679452507,-1.7716900123901445,1.0,7.924898058473778,1.630291854366742,0.1878630460448642,0.1878630460448642,502,41.358,,4000,1.959963984540054,0.1|0.2|0.3|0.4|0.5|0.6|0.7|0.8|0.9|0.95|0.99,1,False,True
20260905T052649Z,ensemble,energy,17,17,691,77,8,0.34764545644919803,-0.38812505538399367,0.961038961038961,1.68571483718599,0.35153960849871796,0.11520661157024792,0.11466351829988194,2510,187.953,,4000,1.959963984540054,0.1|0.2|0.3|0.4|0.5|0.6|0.7|0.8|0.9|0.95|0.99,1,False,True
20260905T052649Z,bbb,energy,17,17,691,77,8,0.4534552309854489,-0.6279836374251672,0.948051948051948,1.7949899048588285,0.4560108918234649,0.059598583234946885,0.05327036599763873,1003,78.689,,4000,1.959963984540054,0.1|0.2|0.3|0.4|0.5|0.6|0.7|0.8|0.9|0.95|0.99,1,False,True
20260905T052649Z,laplace,energy,17,17,691,77,8,0.4374673015651334,-0.615849535836992,0.922077922077922,1.5314365553816023,0.35122555865045163,0.03197166469893743,-0.029374262101534834,502,0.867,,4000,1.959963984540054,0.1|0.2|0.3|0.4|0.5|0.6|0.7|0.8|0.9|0.95|0.99,1,False,True
20260905T052649Z,gp,energy,17,17,691,77,8,0.44061048567084643,-0.5984252210196478,0.922077922077922,1.7071667663120884,0.3855485162506534,0.06951593860684768,0.05917355371900825,3,6.394,,4000,1.959963984540054,0.1|0.2|0.3|0.4|0.5|0.6|0.7|0.8|0.9|0.95|0.99,1,False,True
20260905T052649Z,map,energy,18,18,691,77,8,0.5107140970582535,-0.9744295997522796,0.8441558441558441,1.3263253640424504,0.3383545244974746,0.05534828807556081,-0.05534828807556081,502,37.28,,4000,1.959963984540054,0.1|0.2|0.3|0.4|0.5|0.6|0.7|0.8|0.9|0.95|0.99,1,False,True
20260905T052649Z,mcd,energy,18,18,691,77,8,1.4620408172252348,-1.8614573403738177,1.0,7.533519044016436,1.5713195895810677,0.10049586776859504,0.10049586776859504,502,41.423,,4000,1.959963984540054,0.1|0.2|0.3|0.4|0.5|0.6|0.7|0.8|0.9|0.95|0.99,1,False,True
20260905T052649Z,ensemble,energy,18,18,691,77,8,0.46193714815789927,-0.603639643088923,0.948051948051948,1.59302007326405,0.33894551727139416,0.03433293978748524,0.03201889020070838,2510,187.339,,4000,1.959963984540054,0.1|0.2|0.3|0.4|0.5|0.6|0.7|0.8|0.9|0.95|0.99,1,False,True
20260905T052649Z,bbb,energy,18,18,691,77,8,0.6577799201404689,-1.3486644994428114,0.8311688311688312,1.5727092274984902,0.39967018520265674,0.14035419126328216,-0.14035419126328216,1003,79.052,,4000,1.959963984540054,0.1|0.2|0.3|0.4|0.5|0.6|0.7|0.8|0.9|0.95|0.99,1,False,True
20260905T052649Z,laplace,energy,18,18,691,77,8,0.5107140970582535,-0.7923925979831797,0.9090909090909091,1.4956537759765751,0.3383545244974746,0.02795749704840613,-0.014025974025974023,502,0.801,,4000,1.959963984540054,0.1|0.2|0.3|0.4|0.5|0.6|0.7|0.8|0.9|0.95|0.99,1,False,True
20260905T052649Z,gp,energy,18,18,691,77,8,0.504004353262659,-0.6924607299236443,0.922077922077922,1.7052472408652197,0.38320375677424784,0.018276269185360093,0.0025029515938606835,3,11.872,,4000,1.959963984540054,0.1|0.2|0.3|0.4|0.5|0.6|0.7|0.8|0.9|0.95|0.99,1,False,True
20260905T052649Z,map,energy,19,19,691,77,8,0.5419468125198572,-0.9847689861247577,0.8831168831168831,1.466788736091502,0.3741876758096945,0.07730814639905549,-0.07423848878394333,502,37.014,,4000,1.959963984540054,0.1|0.2|0.3|0.4|0.5|0.6|0.7|0.8|0.9|0.95|0.99,1,False,True
20260905T052649Z,mcd,energy,19,19,691,77,8,1.3182147748016326,-1.8131019252471607,1.0,7.645444231013364,1.5682802926097856,0.1559858323494687,0.1559858323494687,502,41.271,,4000,1.959963984540054,0.1|0.2|0.3|0.4|0.5|0.6|0.7|0.8|0.9|0.95|0.99,1,False,True
20260905T052649Z,ensemble,energy,19,19,691,77,8,0.40229865827276323,-0.49208333023193,0.961038961038961,1.6200667170625795,0.341155056496765,0.07742621015348287,0.07452184179456905,2510,187.496,,4000,1.959963984540054,0.1|0.2|0.3|0.4|0.5|0.6|0.7|0.8|0.9|0.95|0.99,1,False,True
20260905T052649Z,bbb,energy,19,19,691,77,8,0.5761852333291771,-1.0233392136452808,0.8311688311688312,1.5911563926671737,0.40404629543885695,0.04755608028335301,-0.04472255017709562,1003,78.493,,4000,1.959963984540054,0.1|0.2|0.3|0.4|0.5|0.6|0.7|0.8|0.9|0.95|0.99,1,False,True
20260905T052649Z,laplace,energy,19,19,691,77,8,0.5419468125198572,-0.8906685601751659,0.9090909090909091,1.6779400726437639,0.3741876758096945,0.03952774498229044,-0.03409681227863048,502,0.796,,4000,1.959963984540054,0.1|0.2|0.3|0.4|0.5|0.6|0.7|0.8|0.9|0.95|0.99,1,False,True
20260905T052649Z,gp,energy,19,19,691,77,8,0.5341105263387103,-0.8484835746236622,0.9090909090909091,1.670465084876648,0.3753016981159049,0.03952774498229044,-0.030554899645808733,3,11.192,,4000,1.959963984540054,0.1|0.2|0.3|0.4|0.5|0.6|0.7|0.8|0.9|0.95|0.99,1,False,True
20260905T060819Z,map,concrete,0,0,927,103,8,5.3808811378616985,-3.845622062406124,0.7766990291262136,10.776844640413547,2.7492455793626602,0.15827007943512797,-0.15827007943512797,502,0.005,,4000,1.959963984540054,0.1|0.2|0.3|0.4|0.5|0.6|0.7|0.8|0.9|0.95|0.99,1,False,True
20260905T060819Z,mcd,concrete,0,0,927,103,8,5.672105677723032,-3.16652419656575,0.970873786407767,24.955878116460156,5.6778609505148285,0.07915269196822595,0.07915269196822595,502,0.013,,4000,1.959963984540054,0.1|0.2|0.3|0.4|0.5|0.6|0.7|0.8|0.9|0.95|0.99,1,False,True
20260905T060819Z,ensemble,concrete,0,0,927,103,8,4.82928469077712,-3.0307529261827457,0.883495145631068,14.274712656319245,2.7270399142659136,0.026937334510150034,-0.02411297440423654,2510,0.065,,4000,1.959963984540054,0.1|0.2|0.3|0.4|0.5|0.6|0.7|0.8|0.9|0.95|0.99,1,False,True
20260905T060819Z,bbb,concrete,0,0,927,103,8,5.95613476151319,-3.8291236049692414,0.7669902912621359,12.465848853029238,3.172128646467641,0.10743159752868489,-0.10443071491615182,1003,0.016,,4000,1.959963984540054,0.1|0.2|0.3|0.4|0.5|0.6|0.7|0.8|0.9|0.95|0.99,1,False,True
20260905T060819Z,laplace,concrete,0,0,927,103,8,5.3808811378616985,-3.2295760274323384,0.8640776699029126,13.449092402843556,2.7492455793626602,0.09913503971756397,-0.09913503971756397,502,0.914,,4000,1.959963984540054,0.1|0.2|0.3|0.4|0.5|0.6|0.7|0.8|0.9|0.95|0.99,1,False,True
20260905T060819Z,gp,concrete,0,0,927,103,8,5.260917253268226,-3.0497575336160034,0.970873786407767,20.1839490714264,4.397064144869695,0.014015887025595768,0.006778464254192407,3,0.046,,4000,1.959963984540054,0.1|0.2|0.3|0.4|0.5|0.6|0.7|0.8|0.9|0.95|0.99,1,False,True
20260905T060819Z,map,concrete,1,1,927,103,8,4.4220753930266365,-3.219810534614798,0.8446601941747572,10.804427819968238,2.7562822340594515,0.08413062665489851,-0.08413062665489851,502,0.003,,4000,1.959963984540054,0.1|0.2|0.3|0.4|0.5|0.6|0.7|0.8|0.9|0.95|0.99,1,False,True
20260905T060819Z,mcd,concrete,1,1,927,103,8,5.654574508791717,-3.1575756287026384,0.9611650485436893,23.93402758390775,5.462889689418051,0.046496028243601065,0.046496028243601065,502,0.012,,4000,1.959963984540054,0.1|0.2|0.3|0.4|0.5|0.6|0.7|0.8|0.9|0.95|0.99,1,False,True
20260905T060819Z,ensemble,concrete,1,1,927,103,8,3.4412611201240586,-2.652629732087505,0.912621359223301,13.45616343912042,2.7398077495687208,0.07971756398940864,0.06767872903795234,2510,0.052,,4000,1.959963984540054,0.1|0.2|0.3|0.4|0.5|0.6|0.7|0.8|0.9|0.95|0.99,1,False,True
20260905T060819Z,bbb,concrete,1,1,927,103,8,4.5004372341017795,-3.0491003368823355,0.8349514563106796,12.835730986549322,3.2659975262739778,0.0576522506619594,-0.0576522506619594,1003,0.012,,4000,1.959963984540054,0.1|0.2|0.3|0.4|0.5|0.6|0.7|0.8|0.9|0.95|0.99,1,False,True
20260905T060819Z,laplace,concrete,1,1,927,103,8,4.4220753930266365,-2.93274926621816,0.883495145631068,13.401328301111887,2.7562822340594515,0.030467784642541917,-0.024112974404236532,502,0.884,,4000,1.959963984540054,0.1|0.2|0.3|0.4|0.5|0.6|0.7|0.8|0.9|0.95|0.99,1,False,True
20260905T060819Z,gp,concrete,1,1,927,103,8,5.335436777608358,-3.0570620671734168,0.941747572815534,19.993120253073407,4.38385162703719,0.0371756398940865,0.03149161518093558,3,0.043,,4000,1.959963984540054,0.1|0.2|0.3|0.4|0.5|0.6|0.7|0.8|0.9|0.95|0.99,1,False,True
20260905T060819Z,map,concrete,2,2,927,103,8,4.603393354403655,-3.3348900604905993,0.8446601941747572,10.760269782450033,2.7450172215728625,0.07353927625772286,-0.07353927625772286,502,0.003,,4000,1.959963984540054,0.1|0.2|0.3|0.4|0.5|0.6|0.7|0.8|0.9|0.95|0.99,1,False,True
20260905T060819Z,mcd,concrete,2,2,927,103,8,5.552607227277317,-3.145187137559946,0.970873786407767,24.381114587091222,5.533089190064052,0.041200353045013245,0.041200353045013245,502,0.013,,4000,1.959963984540054,0.1|0.2|0.3|0.4|0.5|0.6|0.7|0.8|0.9|0.95|0.99,1,False,True
20260905T060819Z,ensemble,concrete,2,2,927,103,8,3.9415028463746533,-2.6343701220968705,0.9223300970873787,14.016299707027118,2.818074614294877,0.046760812003530446,0.039435127978817305,2510,0.053,,4000,1.959963984540054,0.1|0.2|0.3|0.4|0.5|0.6|0.7|0.8|0.9|0.95|0.99,1,False,True
20260905T060819Z,bbb,concrete,2,2,927,103,8,4.935744380193955,-3.313436416110356,0.8543689320388349,12.186923557190301,3.101412610208543,0.08854368932038835,-0.08854368932038835,1003,0.011,,4000,1.959963984540054,0.1|0.2|0.3|0.4|0.5|0.6|0.7|0.8|0.9|0.95|0.99,1,False,True
20260905T060819Z,laplace,concrete,2,2,927,103,8,4.603393354403655,-2.871146772390063,0.8932038834951457,13.091812305140445,2.7450172215728625,0.02817299205648721,-0.0223477493380406,502,0.878,,4000,1.959963984540054,0.1|0.2|0.3|0.4|0.5|0.6|0.7|0.8|0.9|0.95|0.99,1,False,True
20260905T060819Z,gp,concrete,2,2,927,103,8,5.061002231506025,-3.039620614558488,0.9320388349514563,19.677163926317164,4.46503942123477,0.038411297440423646,0.02354810238305385,3,0.046,,4000,1.959963984540054,0.1|0.2|0.3|0.4|0.5|0.6|0.7|0.8|0.9|0.95|0.99,1,False,True
20260905T060819Z,map,concrete,3,3,927,103,8,4.866406110616082,-3.7353033904469917,0.7572815533980582,9.7804907674262,2.4950690024340916,0.12067078552515448,-0.1194351279788173,502,0.003,,4000,1.959963984540054,0.1|0.2|0.3|0.4|0.5|0.6|0.7|0.8|0.9|0.95|0.99,1,False,True
20260905T060819Z,mcd,concrete,3,3,927,103,8,5.658171156828434,-3.1702931216203107,0.9514563106796117,24.30519171621715,5.458205524860481,0.06803177405119153,0.06679611650485437,502,0.011,,4000,1.959963984540054,0.1|0.2|0.3|0.4|0.5|0.6|0.7|0.8|0.9|0.95|0.99,1,False,True
20260905T060819Z,ensemble,concrete,3,3,927,103,8,5.0222077119847075,-3.1041836853821936,0.883495145631068,13.61020982401452,2.6943984392444165,0.03593998234774933,-0.0002824360105913455,2510,0.055,,4000,1.959963984540054,0.1|0.2|0.3|0.4|0.5|0.6|0.7|0.8|0.9|0.95|0.99,1,False,True
20260905T060819Z,bbb,concrete,3,3,927,103,8,6.231669189867218,-4.233038525473537,0.7475728155339806,11.560622752259489,2.9428231491023658,0.15385701676963814,-0.15385701676963814,1003,0.01,,4000,1.959963984540054,0.1|0.2|0.3|0.4|0.5|0.6|0.7|0.8|0.9|0.95|0.99,1,False,True
20260905T060819Z,laplace,concrete,3,3,927,103,8,4.866406110616082,-3.218777733849926,0.8252427184466019,12.269189480598369,2.4950690024340916,0.062418358340688436,-0.053239187996469546,502,0.92,,4000,1.959963984540054,0.1|0.2|0.3|0.4|0.5|0.6|0.7|0.8|0.9|0.95|0.99,1,False,True
20260905T060819Z,gp,concrete,3,3,927,103,8,5.604536107336196,-3.1632501361387955,0.9029126213592233,19.557428007967914,4.233229456105856,0.0518270079435128,0.027961165048543693,3,0.05,,4000,1.959963984540054,0.1|0.2|0.3|0.4|0.5|0.6|0.7|0.8|0.9|0.95|0.99,1,False,True
20260905T060819Z,map,concrete,4,4,927,103,8,5.463318693752906,-4.277919604810473,0.7475728155339806,9.66096501564402,2.464577178929938,0.11678729037952339,-0.11678729037952339,502,0.003,,4000,1.959963984540054,0.1|0.2|0.3|0.4|0.5|0.6|0.7|0.8|0.9|0.95|0.99,1,False,True
20260905T060819Z,mcd,concrete,4,4,927,103,8,6.022382276844636,-3.2175512328547984,0.941747572815534,24.375647324601594,5.549289034382994,0.04441306266548984,0.03943512797881731,502,0.01,,4000,1.959963984540054,0.1|0.2|0.3|0.4|0.5|0.6|0.7|0.8|0.9|0.95|0.99,1,False,True
20260905T060819Z,ensemble,concrete,4,4,927,103,8,5.016711178208447,-3.1427982127271465,0.8640776699029126,13.373067490025731,2.5838273562106404,0.06047661076787292,0.01648720211827008,2510,0.056,,4000,1.959963984540054,0.1|0.2|0.3|0.4|0.5|0.6|0.7|0.8|0.9|0.95|0.99,1,False,True
20260905T060819Z,bbb,concrete,4,4,927,103,8,5.003750721186099,-3.7446199766864803,0.7378640776699029,10.122715727870858,2.5762422568342003,0.1344395410414828,-0.1344395410414828,1003,0.012,,4000,1.959963984540054,0.1|0.2|0.3|0.4|0.5|0.6|0.7|0.8|0.9|0.95|0.99,1,False,True
20260905T060819Z,laplace,concrete,4,4,927,103,8,5.463318693752906,-3.3547468954316986,0.8252427184466019,12.162787558513372,2.464577178929938,0.06471315092674317,-0.06471315092674317,502,0.917,,4000,1.959963984540054,0.1|0.2|0.3|0.4|0.5|0.6|0.7|0.8|0.9|0.95|0.99,1,False,True
20260905T060819Z,gp,concrete,4,4,927,103,8,6.528325308503144,-3.218266672369841,0.9029126213592233,19.941378754496533,4.25070431580363,0.027113857016769636,-0.023230361871138572,3,0.044,,4000,1.959963984540054,0.1|0.2|0.3|0.4|0.5|0.6|0.7|0.8|0.9|0.95|0.99,1,False,True
20260905T060819Z,map,concrete,5,5,927,103,8,4.750973143271472,-3.2618142918990434,0.8737864077669902,11.836680805623477,3.0196169161754267,0.04088261253309797,-0.014404236540158877,502,0.003,,4000,1.959963984540054,0.1|0.2|0.3|0.4|0.5|0.6|0.7|0.8|0.9|0.95|0.99,1,False,True
20260905T060819Z,mcd,concrete,5,5,927,103,8,5.832244446024691,-3.1944942925531152,0.9611650485436893,24.50999032533284,5.584116378363658,0.039435127978817305,0.039435127978817305,502,0.011,,4000,1.959963984540054,0.1|0.2|0.3|0.4|0.5|0.6|0.7|0.8|0.9|0.95|0.99,1,False,True
20260905T060819Z,ensemble,concrete,5,5,927,103,8,3.9301551118221427,-2.663878999410746,0.9320388349514563,14.203067961405232,2.812154360457892,0.06771403353927624,0.05620476610767873,2510,0.063,,4000,1.959963984540054,0.1|0.2|0.3|0.4|0.5|0.6|0.7|0.8|0.9|0.95|0.99,1,False,True
20260905T060819Z,bbb,concrete,5,5,927,103,8,4.428556528867714,-3.1831997352309704,0.8155339805825242,11.098531101658262,2.8253736042750437,0.08254192409532214,-0.0753045013239188,1003,0.012,,4000,1.959963984540054,0.1|0.2|0.3|0.4|0.5|0.6|0.7|0.8|0.9|0.95|0.99,1,False,True
20260905T060819Z,laplace,concrete,5,5,927,103,8,4.750973143271472,-2.8775943640172597,0.9223300970873787,14.046149638268345,3.0196169161754267,0.05006178287731686,0.03149161518093557,502,0.891,,4000,1.959963984540054,0.1|0.2|0.3|0.4|0.5|0.6|0.7|0.8|0.9|0.95|0.99,1,False,True
20260905T060819Z,gp,concrete,5,5,927,103,8,5.268346661241238,-3.097235348652951,0.9223300970873787,19.691097384524785,4.361695741826743,0.019876434245366264,-0.004695498676081198,3,0.051,,4000,1.959963984540054,0.1|0.2|0.3|0.4|0.5|0.6|0.7|0.8|0.9|0.95|0.99,1,False,True
20260905T060819Z,map,concrete,6,6,927,103,8,5.265840355041121,-3.679704630025679,0.8155339805825242,11.141786311450163,2.8423446551403875,0.06753751103265665,-0.057652250661959406,502,0.003,,4000,1.959963984540054,0.1|0.2|0.3|0.4|0.5|0.6|0.7|0.8|0.9|0.95|0.99,1,False,True
20260905T060819Z,mcd,concrete,6,6,927,103,8,6.004147407041021,-3.2163693367415105,0.941747572815534,25.065674010528635,5.744691568336492,0.06118270079435128,0.056204766107678744,502,0.01,,4000,1.959963984540054,0.1|0.2|0.3|0.4|0.5|0.6|0.7|0.8|0.9|0.95|0.99,1,False,True
20260905T060819Z,ensemble,concrete,6,6,927,103,8,4.681468253583654,-2.694323403884834,0.941747572815534,14.140166964004827,2.8068894180649413,0.0482965578111209,0.04031774051191528,2510,0.053,,4000,1.959963984540054,0.1|0.2|0.3|0.4|0.5|0.6|0.7|0.8|0.9|0.95|0.99,1,False,True
20260905T060819Z,bbb,concrete,6,6,927,103,8,5.184585034631831,-3.4377915634683593,0.8543689320388349,12.227271655934283,3.1129376489857057,0.09684024713150925,-0.0956045895851721,1003,0.011,,4000,1.959963984540054,0.1|0.2|0.3|0.4|0.5|0.6|0.7|0.8|0.9|0.95|0.99,1,False,True
20260905T060819Z,laplace,concrete,6,6,927,103,8,5.265840355041121,-2.964778384145179,0.941747572815534,13.825143231735249,2.8423446551403875,0.04264783759929391,-0.000282436010591343,502,1.104,,4000,1.959963984540054,0.1|0.2|0.3|0.4|0.5|0.6|0.7|0.8|0.9|0.95|0.99,1,False,True
20260905T060819Z,gp,concrete,6,6,927,103,8,6.099759344125076,-3.081430137795121,0.9320388349514563,20.066383068730662,4.4160184418115085,0.035410414827890556,0.017369814651368064,3,0.048,,4000,1.959963984540054,0.1|0.2|0.3|0.4|0.5|0.6|0.7|0.8|0.9|0.95|0.99,1,False,True
20260905T060819Z,map,concrete,7,7,927,103,8,5.006145018522489,-3.7814914225036063,0.8155339805825242,9.99793970115056,2.550541688524133,0.08695498676081201,-0.07442188879082084,502,0.003,,4000,1.959963984540054,0.1|0.2|0.3|0.4|0.5|0.6|0.7|0.8|0.9|0.95|0.99,1,False,True
20260905T060819Z,mcd,concrete,7,7,927,103,8,5.627030562598831,-3.159484056117375,0.9805825242718447,24.667873783616663,5.621083161727034,0.07032656663724624,0.07032656663724624,502,0.015,,4000,1.959963984540054,0.1|0.2|0.3|0.4|0.5|0.6|0.7|0.8|0.9|0.95|0.99,1,False,True
20260905T060819Z,ensemble,concrete,7,7,927,103,8,4.471863941015039,-3.1722303049458422,0.9223300970873787,13.219115977656667,2.535474523026401,0.04088261253309796,0.021782877316857893,2510,0.066,,4000,1.959963984540054,0.1|0.2|0.3|0.4|0.5|0.6|0.7|0.8|0.9|0.95|0.99,1,False,True
20260905T060819Z,bbb,concrete,7,7,927,103,8,5.251662455272799,-3.8427304418778157,0.8058252427184466,10.436932264492928,2.6568445087136157,0.14414827890556048,-0.14414827890556048,1003,0.014,,4000,1.959963984540054,0.1|0.2|0.3|0.4|0.5|0.6|0.7|0.8|0.9|0.95|0.99,1,False,True
20260905T060819Z,laplace,concrete,7,7,927,103,8,5.006145018522489,-3.4512811200232485,0.8446601941747572,11.783796045970718,2.550541688524133,0.05624007060900264,-0.034704324801412174,502,0.934,,4000,1.959963984540054,0.1|0.2|0.3|0.4|0.5|0.6|0.7|0.8|0.9|0.95|0.99,1,False,True
20260905T060819Z,gp,concrete,7,7,927,103,8,5.672921875105061,-3.193900865643018,0.912621359223301,19.301758797816593,4.231101220287362,0.024289496910856155,0.002365401588702566,3,0.054,,4000,1.959963984540054,0.1|0.2|0.3|0.4|0.5|0.6|0.7|0.8|0.9|0.95|0.99,1,False,True
20260905T060819Z,map,concrete,8,8,927,103,8,4.1015649466262305,-3.118302792498095,0.8058252427184466,10.19482523287996,2.6007685124051876,0.11325684024713153,-0.11325684024713153,502,0.004,,4000,1.959963984540054,0.1|0.2|0.3|0.4|0.5|0.6|0.7|0.8|0.9|0.95|0.99,1,False,True
20260905T060819Z,mcd,concrete,8,8,927,103,8,5.489489872572047,-3.1401424317042896,0.970873786407767,24.969701462699415,5.69569444655625,0.08762577228596646,0.08180052956751986,502,0.011,,4000,1.959963984540054,0.1|0.2|0.3|0.4|0.5|0.6|0.7|0.8|0.9|0.95|0.99,1,False,True
20260905T060819Z,ensemble,concrete,8,8,927,103,8,4.597426521242874,-2.736298962022046,0.9223300970873787,13.874333894240138,2.7177142406066244,0.020935569285083836,0.0032480141218005254,2510,0.053,,4000,1.959963984540054,0.1|0.2|0.3|0.4|0.5|0.6|0.7|0.8|0.9|0.95|0.99,1,False,True
20260905T060819Z,bbb,concrete,8,8,927,103,8,6.102143236767787,-4.039070016465461,0.7669902912621359,11.938755909029007,3.039280876079371,0.08872021182700794,-0.08501323918799646,1003,0.011,,4000,1.959963984540054,0.1|0.2|0.3|0.4|0.5|0.6|0.7|0.8|0.9|0.95|0.99,1,False,True
20260905T060819Z,laplace,concrete,8,8,927,103,8,4.1015649466262305,-2.86680452459316,0.8737864077669902,12.465143593911137,2.6007685124051876,0.06700794351279787,-0.057652250661959406,502,0.97,,4000,1.959963984540054,0.1|0.2|0.3|0.4|0.5|0.6|0.7|0.8|0.9|0.95|0.99,1,False,True
20260905T060819Z,gp,concrete,8,8,927,103,8,4.854501031787304,-2.961268448653747,0.9805825242718447,19.91768421822759,4.4288752920624495,0.03025595763459842,0.023548102383053836,3,0.045,,4000,1.959963984540054,0.1|0.2|0.3|0.4|0.5|0.6|0.7|0.8|0.9|0.95|0.99,1,False,True
20260905T060819Z,map,concrete,9,9,927,103,8,5.21436933086062,-3.7320311252163645,0.7864077669902912,10.763941928953658,2.7459540108538354,0.1317917034421889,-0.1317917034421889,502,0.013,,4000,1.959963984540054,0.1|0.2|0.3|0.4|0.5|0.6|0.7|0.8|0.9|0.95|0.99,1,False,True
20260905T060819Z,mcd,concrete,9,9,927,103,8,5.281129990903203,-3.109254552743809,0.9805825242718447,24.562934990120514,5.572058774618653,0.06850838481906443,0.06679611650485438,502,0.013,,4000,1.959963984540054,0.1|0.2|0.3|0.4|0.5|0.6|0.7|0.8|0.9|0.95|0.99,1,False,True
20260905T060819Z,ensemble,concrete,9,9,927,103,8,3.9377256883564264,-2.812431832469429,0.912621359223301,14.017286696580948,2.682967447683375,0.03735216240070608,0.02531332744924979,2510,0.055,,4000,1.959963984540054,0.1|0.2|0.3|0.4|0.5|0.6|0.7|0.8|0.9|0.95|0.99,1,False,True
20260905T060819Z,bbb,concrete,9,9,927,103,8,5.096618273945459,-3.557708909282861,0.8155339805825242,11.21333861514735,2.8516612624877444,0.1106090026478376,-0.1106090026478376,1003,115.665,,4000,1.959963984540054,0.1|0.2|0.3|0.4|0.5|0.6|0.7|0.8|0.9|0.95|0.99,1,False,True
20260905T060819Z,laplace,concrete,9,9,927,103,8,5.21436933086062,-3.1284848614224687,0.8155339805825242,13.481038031659397,2.7459540108538354,0.07265666372462488,-0.07265666372462488,502,1.04,,4000,1.959963984540054,0.1|0.2|0.3|0.4|0.5|0.6|0.7|0.8|0.9|0.95|0.99,1,False,True
20260905T060819Z,gp,concrete,9,9,927,103,8,5.124228387824228,-3.0311210027950075,0.9514563106796117,19.782384018525452,4.429499616391383,0.028667255075022078,0.017369814651368054,3,19.977,,4000,1.959963984540054,0.1|0.2|0.3|0.4|0.5|0.6|0.7|0.8|0.9|0.95|0.99,1,False,True
20260905T060819Z,map,concrete,10,10,927,103,8,4.445720583710544,-3.2154235589562203,0.8543689320388349,10.930177781970224,2.7883618954700355,0.05694616063548103,-0.04970873786407768,502,60.701,,4000,1.959963984540054,0.1|0.2|0.3|0.4|0.5|0.6|0.7|0.8|0.9|0.95|0.99,1,False,True
20260905T060819Z,mcd,concrete,10,10,927,103,8,4.7359417815692515,-3.0453456842049187,0.9805825242718447,24.801858971400886,5.714884047704278,0.11798764342453665,0.11798764342453665,502,66.309,,4000,1.959963984540054,0.1|0.2|0.3|0.4|0.5|0.6|0.7|0.8|0.9|0.95|0.99,1,False,True
20260905T060819Z,ensemble,concrete,10,10,927,103,8,3.421871647702457,-2.6775290389293804,0.9611650485436893,13.58074843825849,2.7577791376366485,0.07609885260370698,0.07032656663724625,2510,300.588,,4000,1.959963984540054,0.1|0.2|0.3|0.4|0.5|0.6|0.7|0.8|0.9|0.95|0.99,1,False,True
20260905T060819Z,bbb,concrete,10,10,927,103,8,5.014013158048914,-3.5331791138498967,0.8058252427184466,11.06972064698408,2.8178565339825252,0.1194351279788173,-0.1194351279788173,1003,107.784,,4000,1.959963984540054,0.1|0.2|0.3|0.4|0.5|0.6|0.7|0.8|0.9|0.95|0.99,1,False,True
20260905T060819Z,laplace,concrete,10,10,927,103,8,4.445720583710544,-2.916741628016733,0.9223300970873787,13.098273843371677,2.7883618954700355,0.029761694616063535,-0.004695498676081198,502,0.912,,4000,1.959963984540054,0.1|0.2|0.3|0.4|0.5|0.6|0.7|0.8|0.9|0.95|0.99,1,False,True
20260905T060819Z,gp,concrete,10,10,927,103,8,4.812051551839654,-2.9734666307551807,0.941747572815534,19.31117946132121,4.39588668643544,0.04353045013239187,0.04031774051191527,3,18.072,,4000,1.959963984540054,0.1|0.2|0.3|0.4|0.5|0.6|0.7|0.8|0.9|0.95|0.99,1,False,True
20260905T060819Z,map,concrete,11,11,927,103,8,4.375930590669211,-3.0842742862494195,0.8446601941747572,11.72969405973781,2.9923238774437033,0.03770520741394528,-0.033821712268314215,502,50.3,,4000,1.959963984540054,0.1|0.2|0.3|0.4|0.5|0.6|0.7|0.8|0.9|0.95|0.99,1,False,True
20260905T060819Z,mcd,concrete,11,11,927,103,8,5.61564590978904,-3.1654637509650656,0.9611650485436893,25.60408183777095,5.895766099095323,0.09145631067961163,0.08974404236540158,502,55.079,,4000,1.959963984540054,0.1|0.2|0.3|0.4|0.5|0.6|0.7|0.8|0.9|0.95|0.99,1,False,True
20260905T060819Z,ensemble,concrete,11,11,927,103,8,3.793542554508719,-2.745878950778635,0.970873786407767,13.822278382697956,2.7406765464750156,0.06939099735216239,0.06767872903795234,2510,251.252,,4000,1.959963984540054,0.1|0.2|0.3|0.4|0.5|0.6|0.7|0.8|0.9|0.95|0.99,1,False,True
20260905T060819Z,bbb,concrete,11,11,927,103,8,5.1011183444618995,-3.7910552334267895,0.7961165048543689,10.222582457112624,2.600798835581237,0.1547396293027361,-0.1547396293027361,1003,104.614,,4000,1.959963984540054,0.1|0.2|0.3|0.4|0.5|0.6|0.7|0.8|0.9|0.95|0.99,1,False,True
20260905T060819Z,laplace,concrete,11,11,927,103,8,4.375930590669211,-2.8460513997720343,0.8932038834951457,13.962769498570498,2.9923238774437033,0.04282436010591351,0.01472197705207415,502,0.92,,4000,1.959963984540054,0.1|0.2|0.3|0.4|0.5|0.6|0.7|0.8|0.9|0.95|0.99,1,False,True
20260905T060819Z,gp,concrete,11,11,927,103,8,5.211387267455,-2.907342100997633,0.9611650485436893,20.261708846768574,4.528864357047622,0.08969108561341571,0.08797881729920566,3,18.878,,4000,1.959963984540054,0.1|0.2|0.3|0.4|0.5|0.6|0.7|0.8|0.9|0.95|0.99,1,False,True
20260905T060819Z,map,concrete,12,12,927,103,8,5.420886816053645,-3.8157381801579575,0.8446601941747572,11.003597252045012,2.807091696286254,0.07618711385701676,-0.07618711385701676,502,49.854,,4000,1.959963984540054,0.1|0.2|0.3|0.4|0.5|0.6|0.7|0.8|0.9|0.95|0.99,1,False,True
20260905T060819Z,mcd,concrete,12,12,927,103,8,5.628839380464112,-3.1514310074935836,0.9611650485436893,24.078364827141126,5.478350814086615,0.08527802294792587,0.08356575463371581,502,54.868,,4000,1.959963984540054,0.1|0.2|0.3|0.4|0.5|0.6|0.7|0.8|0.9|0.95|0.99,1,False,True
20260905T060819Z,ensemble,concrete,12,12,927,103,8,3.79303665842675,-2.657762625862243,0.9611650485436893,14.05595941795498,2.780459546871585,0.04414827890556046,0.03943512797881731,2510,252.133,,4000,1.959963984540054,0.1|0.2|0.3|0.4|0.5|0.6|0.7|0.8|0.9|0.95|0.99,1,False,True
20260905T060819Z,bbb,concrete,12,12,927,103,8,4.597597167949277,-3.227841618693256,0.8155339805825242,11.460534066638175,2.917034122897974,0.1185525154457193,-0.1185525154457193,1003,104.604,,4000,1.959963984540054,0.1|0.2|0.3|0.4|0.5|0.6|0.7|0.8|0.9|0.95|0.99,1,False,True
20260905T060819Z,laplace,concrete,12,12,927,103,8,5.420886816053645,-2.9177979966337975,0.9029126213592233,13.449473128949396,2.807091696286254,0.026054721977052057,-0.015286849073256836,502,0.945,,4000,1.959963984540054,0.1|0.2|0.3|0.4|0.5|0.6|0.7|0.8|0.9|0.95|0.99,1,False,True
20260905T060819Z,gp,concrete,12,12,927,103,8,5.190963741582455,-3.0109009052649722,0.9320388349514563,20.167147622856586,4.474301481679761,0.06736098852603706,0.05708737864077671,3,13.376,,4000,1.959963984540054,0.1|0.2|0.3|0.4|0.5|0.6|0.7|0.8|0.9|0.95|0.99,1,False,True
20260905T060819Z,map,concrete,13,13,927,103,8,4.438383285799556,-3.3004714134835016,0.8058252427184466,10.362657845863838,2.6435837412327894,0.10707855251544571,-0.10707855251544571,502,49.871,,4000,1.959963984540054,0.1|0.2|0.3|0.4|0.5|0.6|0.7|0.8|0.9|0.95|0.99,1,False,True
20260905T060819Z,mcd,concrete,13,13,927,103,8,4.7793412757119755,-3.0486704568409486,0.9805825242718447,24.587060008476342,5.645941045243662,0.10916151809355695,0.10916151809355695,502,54.53,,4000,1.959963984540054,0.1|0.2|0.3|0.4|0.5|0.6|0.7|0.8|0.9|0.95|0.99,1,False,True
20260905T060819Z,ensemble,concrete,13,13,927,103,8,3.366814418396014,-2.669445141971609,0.9320388349514563,13.385686579931615,2.7015294319537992,0.05676963812886142,0.051791703442188884,2510,250.725,,4000,1.959963984540054,0.1|0.2|0.3|0.4|0.5|0.6|0.7|0.8|0.9|0.95|0.99,1,False,True
20260905T060819Z,bbb,concrete,13,13,927,103,8,4.651339856633392,-3.2280634866481464,0.8446601941747572,11.687556653708315,2.974435965156635,0.10884377758164164,-0.10884377758164164,1003,104.934,,4000,1.959963984540054,0.1|0.2|0.3|0.4|0.5|0.6|0.7|0.8|0.9|0.95|0.99,1,False,True
20260905T060819Z,laplace,concrete,13,13,927,103,8,4.438383285799556,-2.946138153585567,0.8640776699029126,12.87045275014093,2.6435837412327894,0.046178287731685794,-0.046178287731685794,502,0.906,,4000,1.959963984540054,0.1|0.2|0.3|0.4|0.5|0.6|0.7|0.8|0.9|0.95|0.99,1,False,True
20260905T060819Z,gp,concrete,13,13,927,103,8,4.849796404177883,-3.0004511326668926,0.9223300970873787,19.91750412968442,4.433264299932956,0.07059135039717564,0.05973521624007062,3,19.319,,4000,1.959963984540054,0.1|0.2|0.3|0.4|0.5|0.6|0.7|0.8|0.9|0.95|0.99,1,False,True
20260905T060819Z,map,concrete,14,14,927,103,8,5.882985860671276,-4.147317464200263,0.8155339805825242,11.003180657200884,2.8069854201384774,0.07724624889673434,-0.07177405119152692,502,49.994,,4000,1.959963984540054,0.1|0.2|0.3|0.4|0.5|0.6|0.7|0.8|0.9|0.95|0.99,1,False,True
20260905T060819Z,mcd,concrete,14,14,927,103,8,6.046746099952206,-3.2229684370238876,0.941747572815534,24.64529439147085,5.567093622185224,0.05482789055604589,0.046496028243601065,502,54.911,,4000,1.959963984540054,0.1|0.2|0.3|0.4|0.5|0.6|0.7|0.8|0.9|0.95|0.99,1,False,True
20260905T060819Z,ensemble,concrete,14,14,927,103,8,5.864286838276247,-2.9745398700328756,0.9029126213592233,14.646284405287155,2.754396549207533,0.03311562224183583,-0.002047661076787295,2510,250.181,,4000,1.959963984540054,0.1|0.2|0.3|0.4|0.5|0.6|0.7|0.8|0.9|0.95|0.99,1,False,True
20260905T060819Z,bbb,concrete,14,14,927,103,8,6.609266341917469,-4.3584736743322745,0.8252427184466019,12.020478763037664,3.058727937923653,0.12826125330979704,-0.12826125330979704,1003,105.603,,4000,1.959963984540054,0.1|0.2|0.3|0.4|0.5|0.6|0.7|0.8|0.9|0.95|0.99,1,False,True
20260905T060819Z,laplace,concrete,14,14,927,103,8,5.882985860671276,-3.048754307237054,0.8640776699029126,13.547994705877452,2.8069854201384774,0.038234774933804054,-0.021465136804942636,502,0.918,,4000,1.959963984540054,0.1|0.2|0.3|0.4|0.5|0.6|0.7|0.8|0.9|0.95|0.99,1,False,True
20260905T060819Z,gp,concrete,14,14,927,103,8,6.247970183534938,-3.1265748616680153,0.912621359223301,19.843778392756754,4.356391795911657,0.02146513680494262,-0.01881729920564871,3,15.507,,4000,1.959963984540054,0.1|0.2|0.3|0.4|0.5|0.6|0.7|0.8|0.9|0.95|0.99,1,False,True
20260905T060819Z,map,concrete,15,15,927,103,8,5.0975692988753725,-3.7877008937720547,0.7766990291262136,10.22328542647986,2.6080288992858613,0.1432656663724625,-0.1432656663724625,502,49.866,,4000,1.959963984540054,0.1|0.2|0.3|0.4|0.5|0.6|0.7|0.8|0.9|0.95|0.99,1,False,True
20260905T060819Z,mcd,concrete,15,15,927,103,8,5.254657790767072,-3.113928242210355,0.970873786407767,24.97292471614863,5.706024055158874,0.0779170344218888,0.07738746690203001,502,54.54,,4000,1.959963984540054,0.1|0.2|0.3|0.4|0.5|0.6|0.7|0.8|0.9|0.95|0.99,1,False,True
20260905T060819Z,ensemble,concrete,15,15,927,103,8,4.78064600721685,-3.238726498822241,0.941747572815534,13.413352279946306,2.5696966463737976,0.013345101500441296,0.0023654015887025646,2510,251.467,,4000,1.959963984540054,0.1|0.2|0.3|0.4|0.5|0.6|0.7|0.8|0.9|0.95|0.99,1,False,True
20260905T060819Z,bbb,concrete,15,15,927,103,8,5.440341517677228,-4.049778654326922,0.8155339805825242,10.23039923557888,2.6036613150387207,0.1353221535745808,-0.1353221535745808,1003,104.69,,4000,1.959963984540054,0.1|0.2|0.3|0.4|0.5|0.6|0.7|0.8|0.9|0.95|0.99,1,False,True
20260905T060819Z,laplace,concrete,15,15,927,103,8,5.0975692988753725,-3.4259338834740927,0.8446601941747572,12.31373095243923,2.6080288992858613,0.0903089143865843,-0.0903089143865843,502,0.965,,4000,1.959963984540054,0.1|0.2|0.3|0.4|0.5|0.6|0.7|0.8|0.9|0.95|0.99,1,False,True
20260905T060819Z,gp,concrete,15,15,927,103,8,5.005840990504537,-3.0339790332572947,0.9514563106796117,19.384639885176032,4.37883368287785,0.04450132391879964,0.03766990291262136,3,20.159,,4000,1.959963984540054,0.1|0.2|0.3|0.4|0.5|0.6|0.7|0.8|0.9|0.95|0.99,1,False,True
20260905T060819Z,map,concrete,16,16,927,103,8,4.790229642417563,-3.5779771355837786,0.8058252427184466,10.165065532348164,2.5931766125625018,0.1353221535745808,-0.1353221535745808,502,50.177,,4000,1.959963984540054,0.1|0.2|0.3|0.4|0.5|0.6|0.7|0.8|0.9|0.95|0.99,1,False,True
20260905T060819Z,mcd,concrete,16,16,927,103,8,6.13439279485855,-3.2374560119616733,0.970873786407767,24.769109652775647,5.6590696928520785,0.022259488084730807,0.020017652250661967,502,54.681,,4000,1.959963984540054,0.1|0.2|0.3|0.4|0.5|0.6|0.7|0.8|0.9|0.95|0.99,1,False,True
20260905T060819Z,ensemble,concrete,16,16,927,103,8,4.18581917546835,-2.88986504394663,0.8932038834951457,14.36977086609594,2.8329554364971035,0.03205648720211826,-0.0011650485436893203,2510,250.143,,4000,1.959963984540054,0.1|0.2|0.3|0.4|0.5|0.6|0.7|0.8|0.9|0.95|0.99,1,False,True
20260905T060819Z,bbb,concrete,16,16,927,103,8,4.192290291924786,-2.997273870282523,0.8737864077669902,11.719889104179119,2.9836415673427688,0.07971756398940866,-0.07971756398940866,1003,103.717,,4000,1.959963984540054,0.1|0.2|0.3|0.4|0.5|0.6|0.7|0.8|0.9|0.95|0.99,1,False,True
20260905T060819Z,laplace,concrete,16,16,927,103,8,4.790229642417563,-3.159232507208451,0.8349514563106796,12.596704383054938,2.5931766125625018,0.08183583406884377,-0.08060017652250662,502,0.926,,4000,1.959963984540054,0.1|0.2|0.3|0.4|0.5|0.6|0.7|0.8|0.9|0.95|0.99,1,False,True
20260905T060819Z,gp,concrete,16,16,927,103,8,5.507213587132739,-3.1448723997391657,0.912621359223301,19.793940969918346,4.329532573111133,0.02640776699029126,-0.010873786407766978,3,12.285,,4000,1.959963984540054,0.1|0.2|0.3|0.4|0.5|0.6|0.7|0.8|0.9|0.95|0.99,1,False,True
20260905T060819Z,map,concrete,17,17,927,103,8,4.767687049135839,-3.5206666114240925,0.8155339805825242,10.347531040623702,2.6397247914358912,0.0841306266548985,-0.0841306266548985,502,50.028,,4000,1.959963984540054,0.1|0.2|0.3|0.4|0.5|0.6|0.7|0.8|0.9|0.95|0.99,1,False,True
20260905T060819Z,mcd,concrete,17,17,927,103,8,5.399308080669623,-3.1245910212312196,0.9902912621359223,24.812955208059464,5.646627467024271,0.08797881729920566,0.08797881729920566,502,54.68,,4000,1.959963984540054,0.1|0.2|0.3|0.4|0.5|0.6|0.7|0.8|0.9|0.95|0.99,1,False,True
20260905T060819Z,ensemble,concrete,17,17,927,103,8,4.282145707275931,-2.7444267954873607,0.9320388349514563,13.875604098282519,2.713322948328207,0.07300970873786407,0.0632656663724625,2510,249.578,,4000,1.959963984540054,0.1|0.2|0.3|0.4|0.5|0.6|0.7|0.8|0.9|0.95|0.99,1,False,True
20260905T060819Z,bbb,concrete,17,17,927,103,8,6.037680709672225,-4.420726311381426,0.8349514563106796,10.563837048231747,2.688354781848951,0.11502206531332747,-0.11502206531332747,1003,104.208,,4000,1.959963984540054,0.1|0.2|0.3|0.4|0.5|0.6|0.7|0.8|0.9|0.95|0.99,1,False,True
20260905T060819Z,laplace,concrete,17,17,927,103,8,4.767687049135839,-2.8947582051724603,0.8932038834951457,12.908860797702683,2.6397247914358912,0.03541041482789054,-0.024112974404236532,502,0.907,,4000,1.959963984540054,0.1|0.2|0.3|0.4|0.5|0.6|0.7|0.8|0.9|0.95|0.99,1,False,True
20260905T060819Z,gp,concrete,17,17,927,103,8,5.540128826852056,-3.0581214566458743,0.970873786407767,19.896033558965115,4.364239771896438,0.03408649602824361,0.03237422771403355,3,13.932,,4000,1.959963984540054,0.1|0.2|0.3|0.4|0.5|0.6|0.7|0.8|0.9|0.95|0.99,1,False,True
20260905T060819Z,map,concrete,18,18,927,103,8,5.527369624594021,-4.12045013264768,0.7864077669902912,10.231908531725693,2.6102287114543135,0.11149161518093557,-0.11149161518093557,502,49.483,,4000,1.959963984540054,0.1|0.2|0.3|0.4|0.5|0.6|0.7|0.8|0.9|0.95|0.99,1,False,True
20260905T060819Z,mcd,concrete,18,18,927,103,8,6.034326983947499,-3.212464973947487,0.970873786407767,24.197023780863105,5.453247999606737,0.05703442188879082,0.055322153574580764,502,54.315,,4000,1.959963984540054,0.1|0.2|0.3|0.4|0.5|0.6|0.7|0.8|0.9|0.95|0.99,1,False,True
20260905T060819Z,ensemble,concrete,18,18,927,103,8,4.616108316022276,-3.181018182725722,0.8640776699029126,13.245641782299,2.572944092205932,0.034351279788172984,-0.0196999117387467,2510,250.197,,4000,1.959963984540054,0.1|0.2|0.3|0.4|0.5|0.6|0.7|0.8|0.9|0.95|0.99,1,False,True
20260905T060819Z,bbb,concrete,18,18,927,103,8,6.342489346199434,-4.234646286373492,0.7281553398058253,11.819623785372432,3.0065768509249984,0.1909267431597529,-0.1909267431597529,1003,105.01,,4000,1.959963984540054,0.1|0.2|0.3|0.4|0.5|0.6|0.7|0.8|0.9|0.95|0.99,1,False,True
20260905T060819Z,laplace,concrete,18,18,927,103,8,5.527369624594021,-3.5203913029610563,0.8252427184466019,12.517583621800378,2.6102287114543135,0.06559576345984114,-0.059417475728155346,502,1.011,,4000,1.959963984540054,0.1|0.2|0.3|0.4|0.5|0.6|0.7|0.8|0.9|0.95|0.99,1,False,True
20260905T060819Z,gp,concrete,18,18,927,103,8,5.658910042173701,-3.2020239307813685,0.9223300970873787,19.70269926413951,4.234391309043323,0.042118270079435124,0.015604589585172114,3,10.543,,4000,1.959963984540054,0.1|0.2|0.3|0.4|0.5|0.6|0.7|0.8|0.9|0.95|0.99,1,False,True
20260905T060819Z,map,concrete,19,19,927,103,8,5.342605345260996,-3.7431746247010413,0.8252427184466019,11.084853314016724,2.8278206644235895,0.10001765225066196,-0.10001765225066196,502,49.774,,4000,1.959963984540054,0.1|0.2|0.3|0.4|0.5|0.6|0.7|0.8|0.9|0.95|0.99,1,False,True
20260905T060819Z,mcd,concrete,19,19,927,103,8,5.7914657517988335,-3.170824803323357,0.941747572815534,24.883653326998015,5.667383210210273,0.04852603706972638,0.04031774051191527,502,54.519,,4000,1.959963984540054,0.1|0.2|0.3|0.4|0.5|0.6|0.7|0.8|0.9|0.95|0.99,1,False,True
20260905T060819Z,ensemble,concrete,19,19,927,103,8,5.064304829568532,-2.7922104172725657,0.9514563106796117,15.463511571049503,2.7792121964343734,0.06144748455428067,0.05620476610767873,2510,249.924,,4000,1.959963984540054,0.1|0.2|0.3|0.4|0.5|0.6|0.7|0.8|0.9|0.95|0.99,1,False,True
20260905T060819Z,bbb,concrete,19,19,927,103,8,4.9110685009604795,-3.26074091110071,0.8446601941747572,12.533116826539443,3.190705826725783,0.07883495145631068,-0.07883495145631068,1003,105.206,,4000,1.959963984540054,0.1|0.2|0.3|0.4|0.5|0.6|0.7|0.8|0.9|0.95|0.99,1,False,True
20260905T060819Z,laplace,concrete,19,19,927,103,8,5.342605345260996,-3.075486964006365,0.883495145631068,13.60390684143108,2.8278206644235895,0.04264783759929391,-0.04264783759929391,502,0.936,,4000,1.959963984540054,0.1|0.2|0.3|0.4|0.5|0.6|0.7|0.8|0.9|0.95|0.99,1,False,True
20260905T060819Z,gp,concrete,19,19,927,103,8,5.284709570138871,-2.955366696304206,0.970873786407767,21.111719284729094,4.524486787344061,0.03590467784642542,0.03590467784642542,3,15.094,,4000,1.959963984540054,0.1|0.2|0.3|0.4|0.5|0.6|0.7|0.8|0.9|0.95|0.99,1,False,True
