run_id,method,seed,region,n_points,config_id,depth,hidden,activation,rmse,ll,picp95,mpiw95,sigma_fitted,cal_err,cal_bias,n_parameters,fit_seconds,quick,cache,n_train,grid_points
20260908T173918Z,gp,0,in_range,300,reference,,,,0.09308101209412574,0.9444410856402923,0.9666666666666667,0.40725709161423734,0.10265921587176184,0.038181818181818185,0.038181818181818185,3,0.828,False,False,250,500
20260908T173918Z,gp,0,extrapolation,200,reference,,,,0.12921079311381284,0.37189596223453053,1.0,1.090295405137412,0.10265921587176186,0.18954545454545454,0.18954545454545454,3,0.828,False,False,250,500
20260908T173918Z,gp,0,overall,500,reference,,,,0.10897989039414696,0.7154230362779874,0.98,0.6804724170235072,0.10265921587176186,0.09872727272727272,0.09872727272727272,3,0.828,False,False,250,500
20260908T173918Z,map,0,in_range,300,d1_h50_tanh,1,50,tanh,0.09550561886857725,0.923183343903242,0.96,0.4065748356099469,0.10371997618756196,0.024545454545454558,0.023333333333333338,152,12.329,False,False,250,500
20260908T173918Z,map,0,extrapolation,200,d1_h50_tanh,1,50,tanh,0.41436937092521064,-6.633201169982853,0.575,0.40657483560994684,0.10371997618756196,0.2645454545454546,-0.2645454545454546,152,12.329,False,False,250,500
20260908T173918Z,map,0,overall,500,d1_h50_tanh,1,50,tanh,0.2723115571650676,-2.099370461651196,0.806,0.40657483560994684,0.10371997618756196,0.0918181818181818,-0.0918181818181818,152,12.329,False,False,250,500
20260908T173918Z,mcd,0,in_range,300,d1_h50_tanh,1,50,tanh,0.16317980422669706,0.25810767469819246,1.0,0.9943671867345406,0.21253883155431924,0.12242424242424242,0.12242424242424242,152,13.605,False,False,250,500
20260908T173918Z,mcd,0,extrapolation,200,d1_h50_tanh,1,50,tanh,0.7584118282101912,-3.326146317598659,0.17,1.0936570668524943,0.21253883155431924,0.5095454545454545,-0.5095454545454545,152,13.605,False,False,250,500
20260908T173918Z,mcd,0,overall,500,d1_h50_tanh,1,50,tanh,0.49603627848387033,-1.1755939222205485,0.668,1.034083138781722,0.21253883155431924,0.13036363636363635,-0.13036363636363635,152,13.605,False,False,250,500
20260908T173918Z,ensemble,0,in_range,300,d1_h50_tanh,1,50,tanh,0.09345006341618663,0.9330044747802595,0.9666666666666667,0.4184024693267666,0.1044451480636298,0.04424242424242425,0.04424242424242425,760,62.113,False,False,250,500
20260908T173918Z,ensemble,0,extrapolation,200,d1_h50_tanh,1,50,tanh,0.3598029202828988,-3.4304974432548936,0.625,0.43376618719549503,0.1044451480636298,0.22181818181818186,-0.22181818181818186,760,62.113,False,False,250,500
20260908T173918Z,ensemble,0,overall,500,d1_h50_tanh,1,50,tanh,0.2387949019328813,-0.812396292433802,0.83,0.4245479564742581,0.1044451480636298,0.062181818181818185,-0.062181818181818185,760,62.113,False,False,250,500
20260908T173918Z,bbb,0,in_range,300,d1_h50_tanh,1,50,tanh,0.09738510304528183,0.9040695031062448,0.96,0.4133152673497207,0.10469531397815944,0.02333333333333335,0.017878787878787886,303,24.937,False,False,250,500
20260908T173918Z,bbb,0,extrapolation,200,d1_h50_tanh,1,50,tanh,0.1537914082279317,0.2827843777964764,0.84,0.41766528163170863,0.10469531397815945,0.09954545454545452,-0.09954545454545452,303,24.937,False,False,250,500
20260908T173918Z,bbb,0,overall,500,d1_h50_tanh,1,50,tanh,0.12308953600926534,0.6555554529823375,0.912,0.41505527306251583,0.10469531397815945,0.02909090909090908,-0.02909090909090908,303,24.937,False,False,250,500
20260908T173918Z,laplace,0,in_range,300,d1_h50_tanh,1,50,tanh,0.09550561886857725,0.9213427549794907,0.96,0.412091226285518,0.10371997618756196,0.0284848484848485,0.027272727272727282,152,12.32,False,False,250,500
20260908T173918Z,laplace,0,extrapolation,200,d1_h50_tanh,1,50,tanh,0.41436937092521064,-0.21983353843014528,0.835,0.8127983281826383,0.10371997618756196,0.12409090909090911,-0.12409090909090911,152,12.32,False,False,250,500
20260908T173918Z,laplace,0,overall,500,d1_h50_tanh,1,50,tanh,0.2723115571650676,0.46487223761563634,0.91,0.572374067044366,0.10371997618756196,0.03327272727272727,-0.03327272727272727,152,12.32,False,False,250,500
20260908T173918Z,map,0,in_range,300,d1_h50_relu,1,50,relu,0.09627344777370589,0.9206475265945083,0.9566666666666667,0.3894932005087482,0.09936233614010795,0.01242424242424242,0.011212121212121208,152,12.287,False,False,250,500
20260908T173918Z,map,0,extrapolation,200,d1_h50_relu,1,50,relu,0.21737048973348616,-1.0028731049804023,0.725,0.3894932005087482,0.09936233614010795,0.21045454545454548,-0.21045454545454548,152,12.287,False,False,250,500
20260908T173918Z,map,0,overall,500,d1_h50_relu,1,50,relu,0.1564005050200674,0.15123927396454412,0.864,0.38949320050874825,0.09936233614010795,0.07745454545454544,-0.07745454545454544,152,12.287,False,False,250,500
20260908T173918Z,mcd,0,in_range,300,d1_h50_relu,1,50,relu,0.11246488730688316,0.5666479794606658,1.0,0.7574694361936354,0.1608447953711314,0.14666666666666667,0.14666666666666667,152,13.299,False,False,250,500
20260908T173918Z,mcd,0,extrapolation,200,d1_h50_relu,1,50,relu,0.27362207246349873,-0.22099496121906512,1.0,1.502350307605111,0.16084479537113142,0.06954545454545455,0.03318181818181817,152,13.299,False,False,250,500
20260908T173918Z,mcd,0,overall,500,d1_h50_relu,1,50,relu,0.1937437120059849,0.25159080318877347,1.0,1.0554217847582257,0.16084479537113142,0.10127272727272728,0.10127272727272728,152,13.299,False,False,250,500
20260908T173918Z,ensemble,0,in_range,300,d1_h50_relu,1,50,relu,0.0952606160181335,0.9295971671978481,0.9666666666666667,0.3939940610373826,0.09978098736271952,0.020909090909090912,0.019090909090909092,760,61.445,False,False,250,500
20260908T173918Z,ensemble,0,extrapolation,200,d1_h50_relu,1,50,relu,0.22618921104040263,-0.6501887697030468,0.75,0.4184447044821122,0.09978098736271952,0.1890909090909091,-0.1890909090909091,760,61.445,False,False,250,500
20260908T173918Z,ensemble,0,overall,500,d1_h50_relu,1,50,relu,0.16096389239492342,0.2976827924374901,0.88,0.4037743184152745,0.09978098736271952,0.06418181818181817,-0.06418181818181817,760,61.445,False,False,250,500
20260908T173918Z,bbb,0,in_range,300,d1_h50_relu,1,50,relu,0.09755244308247261,0.9074434122068928,0.95,0.39713945077806745,0.10081230827910156,0.013333333333333341,0.011515151515151522,303,25.45,False,False,250,500
20260908T173918Z,bbb,0,extrapolation,200,d1_h50_relu,1,50,relu,0.2588727055571662,-0.8343302210487683,0.77,0.4464211765644632,0.10081230827910155,0.16090909090909092,-0.16090909090909092,303,25.45,False,False,250,500
20260908T173918Z,bbb,0,overall,500,d1_h50_relu,1,50,relu,0.18032170852066132,0.2107339589046284,0.878,0.4168521410926257,0.10081230827910156,0.05745454545454545,-0.05745454545454545,303,25.45,False,False,250,500
20260908T173918Z,laplace,0,in_range,300,d1_h50_relu,1,50,relu,0.09627344777370589,0.9117867768164977,0.9633333333333334,0.41912829049273026,0.09936233614010795,0.026666666666666675,0.026666666666666675,152,12.085,False,False,250,500
20260908T173918Z,laplace,0,extrapolation,200,d1_h50_relu,1,50,relu,0.21737048973348616,0.04404651150283236,0.875,0.5847916792609331,0.09936233614010795,0.09636363636363633,-0.09636363636363633,152,12.085,False,False,250,500
20260908T173918Z,laplace,0,overall,500,d1_h50_relu,1,50,relu,0.1564005050200674,0.5646906706910315,0.928,0.48539364600001145,0.09936233614010795,0.02254545454545454,-0.02254545454545454,152,12.085,False,False,250,500
20260908T173918Z,map,0,in_range,300,d2_h50_tanh,2,50,tanh,0.09591015469492298,0.9220208908657148,0.96,0.39893856343036677,0.10177191177418138,0.022121212121212132,0.022121212121212132,2702,16.8,False,False,250,500
20260908T173918Z,map,0,extrapolation,200,d2_h50_tanh,2,50,tanh,0.5881526569763509,-15.333063543610443,0.165,0.39893856343036666,0.10177191177418136,0.505,-0.505,2702,16.8,False,False,250,500
20260908T173918Z,map,0,overall,500,d2_h50_tanh,2,50,tanh,0.37932660574694577,-5.580012882924747,0.642,0.3989385634303667,0.10177191177418139,0.18872727272727274,-0.18872727272727274,2702,16.8,False,False,250,500
20260908T173918Z,mcd,0,in_range,300,d2_h50_tanh,2,50,tanh,0.11003275430360081,0.6313359177306859,1.0,0.6804315301542603,0.14629372859296308,0.1387878787878788,0.1387878787878788,2702,20.221,False,False,250,500
20260908T173918Z,mcd,0,extrapolation,200,d2_h50_tanh,2,50,tanh,0.8799594932667703,-10.734509370659422,0.095,0.7194835578115779,0.14629372859296308,0.5472727272727272,-0.5472727272727272,2702,20.221,False,False,250,500
20260908T173918Z,mcd,0,overall,500,d2_h50_tanh,2,50,tanh,0.5630238077807246,-3.915002197625357,0.638,0.6960523412171873,0.14629372859296308,0.14145454545454547,-0.13563636363636364,2702,20.221,False,False,250,500
20260908T173918Z,ensemble,0,in_range,300,d2_h50_tanh,2,50,tanh,0.0940555955581081,0.9368507796650569,0.9633333333333334,0.4042869407420715,0.10263577559867186,0.030000000000000013,0.030000000000000013,13510,86.802,False,False,250,500
20260908T173918Z,ensemble,0,extrapolation,200,d2_h50_tanh,2,50,tanh,0.5084159565816412,-1.148430530055372,0.575,0.9161181053025284,0.10263577559867187,0.3513636363636364,-0.3513636363636364,13510,86.802,False,False,250,500
20260908T173918Z,ensemble,0,overall,500,d2_h50_tanh,2,50,tanh,0.3297007537088812,0.1027382557768855,0.808,0.6090194065662542,0.10263577559867186,0.12254545454545453,-0.12254545454545453,13510,86.802,False,False,250,500
20260908T173918Z,bbb,0,in_range,300,d2_h50_tanh,2,50,tanh,0.10729282471606325,0.8129555481954099,0.9566666666666667,0.4144057904367682,0.10447017292525543,0.010909090909090919,0.0018181818181818197,5403,39.69,False,False,250,500
20260908T173918Z,bbb,0,extrapolation,200,d2_h50_tanh,2,50,tanh,0.8037047446887121,-27.407661542740904,0.075,0.41534445484933635,0.10447017292525544,0.5477272727272727,-0.5477272727272727,5403,39.69,False,False,250,500
20260908T173918Z,bbb,0,overall,500,d2_h50_tanh,2,50,tanh,0.5150568675354115,-10.475291288179115,0.604,0.4147812562017955,0.10447017292525544,0.218,-0.218,5403,39.69,False,False,250,500
20260908T173918Z,laplace,0,in_range,300,d2_h50_tanh,2,50,tanh,0.09591015469492298,0.9208287801902414,0.9666666666666667,0.40663222079957717,0.10177191177418138,0.025757575757575767,0.025757575757575767,2702,23.667,False,False,250,500
20260908T173918Z,laplace,0,extrapolation,200,d2_h50_tanh,2,50,tanh,0.5881526569763509,-1.9363585119075557,0.61,1.1385992654478942,0.10177191177418136,0.30136363636363633,-0.30136363636363633,2702,23.667,False,False,250,500
20260908T173918Z,laplace,0,overall,500,d2_h50_tanh,2,50,tanh,0.37932660574694577,-0.22204613664887743,0.824,0.699419038658904,0.10177191177418139,0.10509090909090911,-0.10509090909090911,2702,23.667,False,False,250,500
20260908T173918Z,map,0,in_range,300,d2_h50_relu,2,50,relu,0.0955107052785691,0.9276254651693321,0.9566666666666667,0.3915700421891404,0.09989215242672699,0.016969696969696964,0.01575757575757575,2702,16.571,False,False,250,500
20260908T173918Z,map,0,extrapolation,200,d2_h50_relu,2,50,relu,0.16121881252325168,0.08234267995392976,0.74,0.3915700421891405,0.09989215242672699,0.1731818181818182,-0.1731818181818182,2702,16.571,False,False,250,500
20260908T173918Z,map,0,overall,500,d2_h50_relu,2,50,relu,0.1259761052670258,0.5895123510831712,0.87,0.3915700421891405,0.09989215242672699,0.05981818181818181,-0.05981818181818181,2702,16.571,False,False,250,500
20260908T173918Z,mcd,0,in_range,300,d2_h50_relu,2,50,relu,0.09835023077925109,0.7921964564643281,0.9966666666666667,0.5569711119920061,0.12476320354635705,0.10545454545454548,0.10545454545454548,2702,18.925,False,False,250,500
20260908T173918Z,mcd,0,extrapolation,200,d2_h50_relu,2,50,relu,0.7692729343757627,-16.823230141898044,0.11,0.5117126298057769,0.12476320354635705,0.5372727272727272,-0.5372727272727272,2702,18.925,False,False,250,500
20260908T173918Z,mcd,0,overall,500,d2_h50_relu,2,50,relu,0.49245913511867945,-6.25397418288062,0.642,0.5388677191175145,0.12476320354635705,0.15163636363636365,-0.15163636363636365,2702,18.925,False,False,250,500
20260908T173918Z,ensemble,0,in_range,300,d2_h50_relu,2,50,relu,0.09518962374489404,0.9310467688432832,0.9633333333333334,0.39381801816920503,0.09989316115344357,0.019090909090909092,0.016666666666666666,13510,82.408,False,False,250,500
20260908T173918Z,ensemble,0,extrapolation,200,d2_h50_relu,2,50,relu,0.1821867698533962,-0.010436700223607112,0.885,0.9224880302072107,0.09989316115344357,0.04545454545454544,-0.039090909090909086,13510,82.408,False,False,250,500
20260908T173918Z,ensemble,0,overall,500,d2_h50_relu,2,50,relu,0.1367970991105529,0.5544533812165271,0.932,0.6052860229844073,0.09989316115344357,0.016909090909090905,-0.005636363636363639,13510,82.408,False,False,250,500
20260908T173918Z,bbb,0,in_range,300,d2_h50_relu,2,50,relu,0.10178879493918198,0.8646299827541524,0.95,0.38738953312228364,0.09828580387658298,0.007272727272727283,-0.004242424242424253,5403,38.895,False,False,250,500
20260908T173918Z,bbb,0,extrapolation,200,d2_h50_relu,2,50,relu,0.7175326688299729,-15.378566751540664,0.105,0.46151670226751174,0.09828580387658298,0.5259090909090909,-0.5259090909090909,5403,38.895,False,False,250,500
20260908T173918Z,bbb,0,overall,500,d2_h50_relu,2,50,relu,0.4606059352639824,-5.632648710963774,0.612,0.41704040078037485,0.09828580387658296,0.21290909090909088,-0.21290909090909088,5403,38.895,False,False,250,500
20260908T173918Z,laplace,0,in_range,300,d2_h50_relu,2,50,relu,0.0955107052785691,0.9039606607722465,0.97,0.4242477318129475,0.09989215242672699,0.03424242424242425,0.03424242424242425,2702,22.825,False,False,250,500
20260908T173918Z,laplace,0,extrapolation,200,d2_h50_relu,2,50,relu,0.16121881252325168,-0.6216388315142385,1.0,3.2608706528279607,0.09989215242672699,0.294090909090909,0.294090909090909,2702,22.825,False,False,250,500
20260908T173918Z,laplace,0,overall,500,d2_h50_relu,2,50,relu,0.1259761052670258,0.29372086385765245,0.982,1.5588969002189528,0.09989215242672699,0.13818181818181818,0.13818181818181818,2702,22.825,False,False,250,500
20260908T173918Z,map,0,in_range,300,d3_h50_tanh,3,50,tanh,0.09481656046537273,0.931664402738328,0.9666666666666667,0.4001999517118758,0.10209370041199788,0.021515151515151522,0.020909090909090912,5252,22.447,False,False,250,500
20260908T173918Z,map,0,extrapolation,200,d3_h50_tanh,3,50,tanh,0.5606747038057297,-13.716820696276494,0.165,0.4001999517118759,0.10209370041199788,0.5031818181818182,-0.5031818181818182,5252,22.447,False,False,250,500
20260908T173918Z,map,0,overall,500,d3_h50_tanh,3,50,tanh,0.362127819254676,-4.927729636867602,0.646,0.4001999517118759,0.10209370041199789,0.18872727272727274,-0.18872727272727274,5252,22.447,False,False,250,500
20260908T173918Z,mcd,0,in_range,300,d3_h50_tanh,3,50,tanh,0.10924300323264984,0.7056600769078379,0.99,0.596451370800594,0.13323409046616647,0.10393939393939394,0.10393939393939394,5252,26.065,False,False,250,500
20260908T173918Z,mcd,0,extrapolation,200,d3_h50_tanh,3,50,tanh,0.9026639404498951,-14.084370409493653,0.08,0.6490529220283966,0.13323409046616647,0.5495454545454546,-0.5495454545454546,5252,26.065,False,False,250,500
20260908T173918Z,mcd,0,overall,500,d3_h50_tanh,3,50,tanh,0.5771319571888096,-5.210352117652757,0.626,0.6174919912917151,0.13323409046616647,0.15745454545454543,-0.15745454545454543,5252,26.065,False,False,250,500
20260908T173918Z,ensemble,0,in_range,300,d3_h50_tanh,3,50,tanh,0.09605660286424496,0.8803737797433314,0.9866666666666667,0.47096712350847725,0.11391600904935836,0.06151515151515152,0.06030303030303031,26260,108.953,False,False,250,500
20260908T173918Z,ensemble,0,extrapolation,200,d3_h50_tanh,3,50,tanh,0.6434521446553662,-14.12982600912439,0.185,0.45840267764834697,0.11391600904935836,0.4968181818181818,-0.4968181818181818,26260,108.953,False,False,250,500
20260908T173918Z,ensemble,0,overall,500,d3_h50_tanh,3,50,tanh,0.41370084307011956,-5.123706135803759,0.666,0.46594134516442515,0.11391600904935836,0.16254545454545455,-0.16254545454545455,26260,108.953,False,False,250,500
20260908T173918Z,bbb,0,in_range,300,d3_h50_tanh,3,50,tanh,0.10322216927639967,0.8529248991183946,0.9466666666666667,0.40844058727205307,0.10183590940964277,0.00909090909090908,-0.0030303030303030286,10503,53.023,False,False,250,500
20260908T173918Z,bbb,0,extrapolation,200,d3_h50_tanh,3,50,tanh,0.8644303425572336,-33.41496583268703,0.06,0.4063111696454672,0.10183590940964277,0.5559090909090909,-0.5559090909090909,10503,53.023,False,False,250,500
20260908T173918Z,bbb,0,overall,500,d3_h50_tanh,3,50,tanh,0.5525294712425048,-12.854231393603776,0.592,0.4075888202214187,0.10183590940964277,0.2241818181818182,-0.2241818181818182,10503,53.023,False,False,250,500
20260908T173918Z,laplace,0,in_range,300,d3_h50_tanh,3,50,tanh,0.09481656046537273,0.928448591146413,0.9666666666666667,0.4106013618323172,0.10209370041199788,0.028787878787878796,0.028787878787878796,5252,39.09,False,False,250,500
20260908T173918Z,laplace,0,extrapolation,200,d3_h50_tanh,3,50,tanh,0.5606747038057297,-1.1753467492736664,0.655,1.1270150884490024,0.10209370041199788,0.3204545454545454,-0.3204545454545454,5252,39.09,False,False,250,500
20260908T173918Z,laplace,0,overall,500,d3_h50_tanh,3,50,tanh,0.362127819254676,0.08693045497838128,0.842,0.6971668524789914,0.10209370041199789,0.1109090909090909,-0.1109090909090909,5252,39.09,False,False,250,500
20260908T173918Z,map,0,in_range,300,d3_h50_relu,3,50,relu,0.09508678178847799,0.9323080890352002,0.96,0.388736302625848,0.09916924639742117,0.013939393939393953,0.013333333333333343,5252,20.923,False,False,250,500
20260908T173918Z,map,0,extrapolation,200,d3_h50_relu,3,50,relu,0.2677717416293562,-2.253413519167808,0.385,0.38873630262584796,0.09916924639742117,0.38409090909090904,-0.38409090909090904,5252,20.923,False,False,250,500
20260908T173918Z,map,0,overall,500,d3_h50_relu,3,50,relu,0.18467696090368513,-0.3419805542460028,0.73,0.38873630262584796,0.09916924639742117,0.14563636363636362,-0.14563636363636362,5252,20.923,False,False,250,500
20260908T173918Z,mcd,0,in_range,300,d3_h50_relu,3,50,relu,0.10075706072029618,0.7374765070891615,1.0,0.6038724217987032,0.1324925811389223,0.11242424242424241,0.11242424242424241,5252,24.537,False,False,250,500
20260908T173918Z,mcd,0,extrapolation,200,d3_h50_relu,3,50,relu,0.7875871653385855,-13.937805108655477,0.105,0.5645193933166506,0.1324925811389223,0.5409090909090909,-0.5409090909090909,5252,24.537,False,False,250,500
20260908T173918Z,mcd,0,overall,500,d3_h50_relu,3,50,relu,0.5041910435275735,-5.132636139208695,0.642,0.5881312104058821,0.1324925811389223,0.1489090909090909,-0.1489090909090909,5252,24.537,False,False,250,500
20260908T173918Z,ensemble,0,in_range,300,d3_h50_relu,3,50,relu,0.0954722740320382,0.927665893531912,0.9633333333333334,0.39808273190566257,0.10028370253013674,0.023333333333333338,0.020303030303030302,26260,102.723,False,False,250,500
20260908T173918Z,ensemble,0,extrapolation,200,d3_h50_relu,3,50,relu,0.30775552530037426,-0.7692409334278173,0.645,0.6379865885196345,0.10028370253013674,0.26409090909090904,-0.26409090909090904,26260,102.723,False,False,250,500
20260908T173918Z,ensemble,0,overall,500,d3_h50_relu,3,50,relu,0.20821709441463462,0.24890316274802027,0.836,0.4940442745512514,0.10028370253013674,0.09345454545454544,-0.09345454545454544,26260,102.723,False,False,250,500
20260908T173918Z,bbb,0,in_range,300,d3_h50_relu,3,50,relu,0.10127550299279807,0.8652229392377377,0.96,0.42990390733382344,0.10898440730437402,0.025757575757575753,0.025757575757575753,10503,50.859,False,False,250,500
20260908T173918Z,bbb,0,extrapolation,200,d3_h50_relu,3,50,relu,0.7608887691940045,-21.082368745342364,0.075,0.4516264630232997,0.108984407304374,0.5413636363636364,-0.5413636363636364,10503,50.859,False,False,250,500
20260908T173918Z,bbb,0,overall,500,d3_h50_relu,3,50,relu,0.4875804796524297,-7.913813734594301,0.606,0.438592929609614,0.108984407304374,0.20109090909090907,-0.20109090909090907,10503,50.859,False,False,250,500
20260908T173918Z,laplace,0,in_range,300,d3_h50_relu,3,50,relu,0.09508678178847799,0.9061955914355703,0.9666666666666667,0.43001255672222555,0.09916924639742117,0.035151515151515156,0.035151515151515156,5252,37.405,False,False,250,500
20260908T173918Z,laplace,0,extrapolation,200,d3_h50_relu,3,50,relu,0.2677717416293562,-0.8615686343312234,1.0,3.702559078909816,0.09916924639742117,0.2777272727272727,0.2777272727272727,5252,37.405,False,False,250,500
20260908T173918Z,laplace,0,overall,500,d3_h50_relu,3,50,relu,0.18467696090368513,0.1990899011288529,0.98,1.739031165597262,0.09916924639742117,0.13218181818181818,0.13218181818181818,5252,37.405,False,False,250,500
